gene_id;gene_common;TATA_cen_pos
YAL001C;TFC3;NA
YAL002W;VPS8;931
YAL003W;EFB1;917
YAL005C;SSA1;891
YAL007C;ERP2;932
YAL008W;FUN14;908
YAL009W;SPO7;NA
YAL010C;MDM10;927
YAL011W;SWC3;949
YAL012W;CYS3;932
YAL013W;DEP1;947
YAL014C;SYN8;940
YAL015C;NTG1;NA
YAL016W;TPD3;NA
YAL017W;PSK1;NA
YAL019W;FUN30;942
YAL020C;ATS1;982
YAL021C;CCR4;953
YAL022C;FUN26;876
YAL023C;PMT2;888
YAL024C;LTE1;962
YAL025C;MAK16;913
YAL026C;DRS2;959
YAL027W;SAW1;932
YAL028W;FRT2;928
YAL029C;MYO4;914
YAL030W;SNC1;NA
YAL031C;GIP4;984
YAL032C;PRP45;935
YAL033W;POP5;NA
YAL034C;FUN19;NA
YAL034W-A;MTW1;940
YAL035W;FUN12;959
YAL036C;RBG1;913
YAL037W;YAL037W;NA
YAL038W;CDC19;874
YAL039C;CYC3;966
YAL040C;CLN3;877
YAL041W;CDC24;951
YAL042W;ERV46;931
YAL043C;PTA1;1004
YAL044C;GCV3;939
YAL044W-A;BOL1;NA
YAL046C;BOL3;929
YAL047C;SPC72;927
YAL049C;AIM2;927
YAL051W;OAF1;935
YAL053W;FLC2;920
YAL054C;ACS1;NA
YAL055W;PEX22;NA
YAL056W;GPB2;962
YAL058W;CNE1;911
YAL059W;ECM1;NA
YAL060W;BDH1;898
YAL061W;BDH2;NA
YAL062W;GDH3;NA
YAR002C-A;ERP1;980
YAR002W;NUP60;939
YAR003W;SWD1;944
YAR007C;RFA1;936
YAR008W;SEN34;NA
YAR014C;BUD14;975
YAR015W;ADE1;897
YAR018C;KIN3;894
YAR020C;PAU7;NA
YAR023C;YAR023C;NA
YAR028W;YAR028W;928
YAR033W;MST28;925
YAR035W;YAT1;NA
YAR042W;SWH1;942
YAR071W;PHO11;NA
YBL001C;ECM15;NA
YBL002W;HTB2;821
YBL003C;HTA2;830
YBL004W;UTP20;958
YBL005W;PDR3;971
YBL006C;LDB7;965
YBL007C;SLA1;954
YBL008W;HIR1;990
YBL009W;ALK2;965
YBL010C;YBL010C;993
YBL011W;SCT1;941
YBL013W;FMT1;942
YBL014C;RRN6;953
YBL015W;ACH1;924
YBL016W;FUS3;938
YBL017C;PEP1;974
YBL018C;POP8;923
YBL019W;APN2;NA
YBL020W;RFT1;956
YBL021C;HAP3;930
YBL022C;PIM1;NA
YBL023C;MCM2;NA
YBL024W;NCL1;950
YBL025W;RRN10;1005
YBL026W;LSM2;981
YBL027W;RPL19B;944
YBL028C;YBL028C;1004
YBL029C-A;YBL029C-A;978
YBL029W;YBL029W;882
YBL030C;PET9;928
YBL032W;HEK2;966
YBL033C;RIB1;936
YBL034C;STU1;785
YBL035C;POL12;985
YBL036C;YBL036C;942
YBL037W;APL3;962
YBL038W;MRPL16;1013
YBL039C;URA7;919
YBL039W-B;MIN6;1071
YBL040C;ERD2;942
YBL041W;PRE7;NA
YBL042C;FUI1;907
YBL043W;ECM13;NA
YBL045C;COR1;905
YBL046W;PSY4;950
YBL047C;EDE1;939
YBL049W;MOH1;NA
YBL050W;SEC17;981
YBL051C;PIN4;924
YBL052C;SAS3;NA
YBL054W;TOD6;959
YBL055C;YBL055C;989
YBL056W;PTC3;897
YBL057C;PTH2;947
YBL058W;SHP1;982
YBL059C-A;CMC2;NA
YBL059W;IAI11;877
YBL060W;YEL1;NA
YBL061C;SKT5;918
YBL063W;KIP1;990
YBL064C;PRX1;936
YBL066C;SEF1;NA
YBL067C;UBP13;890
YBL068W;PRS4;889
YBL069W;AST1;963
YBL071W-A;KTI11;940
YBL072C;RPS8A;977
YBL074C;AAR2;1238
YBL075C;SSA3;NA
YBL076C;ILS1;940
YBL078C;ATG8;945
YBL079W;NUP170;902
YBL080C;PET112;856
YBL081W;YBL081W;973
YBL082C;ALG3;923
YBL084C;CDC27;976
YBL085W;BOI1;952
YBL086C;YBL086C;NA
YBL087C;RPL23A;944
YBL088C;TEL1;950
YBL089W;AVT5;NA
YBL090W;MRP21;940
YBL091C;MAP2;NA
YBL091C-A;SCS22;938
YBL092W;RPL32;971
YBL093C;ROX3;963
YBL095W;MRX3;936
YBL098W;BNA4;NA
YBL099W;ATP1;909
YBL101C;ECM21;NA
YBL102W;SFT2;971
YBL103C;RTG3;967
YBL104C;SEA4;1002
YBL105C;PKC1;961
YBL106C;SRO77;NA
YBL107C;MIX23;969
YBR001C;NTH2;916
YBR002C;RER2;941
YBR003W;COQ1;968
YBR005W;RCR1;962
YBR006W;UGA2;NA
YBR007C;DSF2;921
YBR008C;FLR1;965
YBR009C;HHF1;930
YBR010W;HHT1;916
YBR011C;IPP1;944
YBR013C;YBR013C;NA
YBR014C;GRX7;955
YBR015C;MNN2;933
YBR016W;YBR016W;918
YBR017C;KAP104;927
YBR021W;FUR4;NA
YBR022W;POA1;945
YBR023C;CHS3;934
YBR024W;SCO2;880
YBR025C;OLA1;805
YBR026C;ETR1;925
YBR028C;YPK3;931
YBR029C;CDS1;897
YBR030W;RKM3;942
YBR031W;RPL4A;910
YBR033W;EDS1;NA
YBR034C;HMT1;929
YBR035C;PDX3;934
YBR036C;CSG2;932
YBR037C;SCO1;941
YBR038W;CHS2;942
YBR039W;ATP3;933
YBR041W;FAT1;NA
YBR042C;CST26;936
YBR043C;QDR3;985
YBR044C;TCM62;NA
YBR046C;ZTA1;923
YBR047W;FMP23;NA
YBR048W;RPS11B;937
YBR049C;REB1;983
YBR050C;REG2;NA
YBR052C;RFS1;928
YBR053C;YBR053C;987
YBR054W;YRO2;868
YBR055C;PRP6;910
YBR056W;YBR056W;926
YBR056W-A;MNC1;757
YBR057C;MUM2;929
YBR058C;UBP14;NA
YBR058C-A;TSC3;987
YBR059C;AKL1;925
YBR060C;ORC2;941
YBR061C;TRM7;953
YBR062C;YBR062C;1012
YBR065C;ECM2;916
YBR066C;NRG2;943
YBR067C;TIP1;909
YBR068C;BAP2;922
YBR069C;TAT1;923
YBR070C;ALG14;944
YBR071W;YBR071W;939
YBR072W;HSP26;NA
YBR073W;RDH54;928
YBR074W;PFF1;964
YBR077C;SLM4;940
YBR078W;ECM33;911
YBR079C;RPG1;962
YBR080C;SEC18;956
YBR081C;SPT7;923
YBR082C;UBC4;949
YBR083W;TEC1;933
YBR084C-A;RPL19A;993
YBR084W;MIS1;935
YBR085C-A;YBR085C-A;920
YBR085W;AAC3;896
YBR086C;IST2;1012
YBR087W;RFC5;940
YBR088C;POL30;922
YBR089C-A;NHP6B;NA
YBR091C;TIM12;917
YBR094W;PBY1;NA
YBR095C;RXT2;956
YBR096W;YBR096W;946
YBR097W;VPS15;917
YBR098W;MMS4;NA
YBR101C;FES1;942
YBR102C;EXO84;986
YBR103W;SIF2;933
YBR104W;YMC2;926
YBR105C;VID24;904
YBR106W;SND3;905
YBR107C;IML3;931
YBR108W;AIM3;948
YBR109C;CMD1;929
YBR110W;ALG1;957
YBR111C;YSA1;941
YBR111W-A;SUS1;937
YBR112C;CYC8;925
YBR114W;RAD16;934
YBR115C;LYS2;923
YBR117C;TKL2;NA
YBR118W;TEF2;887
YBR119W;MUD1;1004
YBR120C;CBP6;958
YBR121C;GRS1;893
YBR122C;MRPL36;959
YBR123C;TFC1;949
YBR125C;PTC4;751
YBR126C;TPS1;932
YBR126W-A;MEO1;917
YBR127C;VMA2;973
YBR129C;OPY1;NA
YBR130C;SHE3;NA
YBR131W;CCZ1;1004
YBR132C;AGP2;910
YBR133C;HSL7;902
YBR135W;CKS1;886
YBR136W;MEC1;933
YBR137W;YBR137W;923
YBR138C;YBR138C;980
YBR139W;ATG42;930
YBR140C;IRA1;NA
YBR141C;BMT2;NA
YBR142W;MAK5;942
YBR143C;SUP45;929
YBR145W;ADH5;912
YBR146W;MRPS9;901
YBR147W;RTC2;NA
YBR149W;ARA1;911
YBR150C;TBS1;938
YBR151W;APD1;925
YBR152W;SPP381;944
YBR153W;RIB7;936
YBR154C;RPB5;939
YBR155W;CNS1;NA
YBR156C;SLI15;945
YBR157C;ICS2;949
YBR158W;AMN1;918
YBR159W;IFA38;931
YBR160W;CDC28;879
YBR161W;CSH1;755
YBR162C;TOS1;775
YBR162W-A;YSY6;926
YBR163W;EXO5;1019
YBR164C;ARL1;930
YBR165W;UBS1;949
YBR166C;TYR1;NA
YBR167C;POP7;NA
YBR168W;PEX32;614
YBR169C;SSE2;NA
YBR170C;NPL4;NA
YBR171W;SEC66;NA
YBR172C;SMY2;811
YBR173C;UMP1;937
YBR175W;SWD3;936
YBR176W;ECM31;1009
YBR177C;EHT1;NA
YBR179C;FZO1;979
YBR181C;RPS6B;946
YBR183W;YPC1;756
YBR185C;MBA1;929
YBR187W;GDT1;967
YBR188C;NTC20;NA
YBR189W;RPS9B;949
YBR191W;RPL21A;980
YBR192W;RIM2;980
YBR193C;MED8;889
YBR194W;AIM4;NA
YBR195C;MSI1;988
YBR196C;PGI1;783
YBR197C;YBR197C;951
YBR198C;TAF5;972
YBR199W;KTR4;927
YBR200W;BEM1;911
YBR201C-A;MIN7;895
YBR201W;DER1;922
YBR202W;MCM7;949
YBR203W;COS111;NA
YBR204C;LDH1;NA
YBR205W;KTR3;886
YBR207W;FTH1;945
YBR208C;DUR1,2;1221
YBR210W;ERV15;946
YBR211C;AME1;948
YBR212W;NGR1;636
YBR213W;MET8;NA
YBR214W;SDS24;931
YBR215W;HPC2;986
YBR216C;YBP1;NA
YBR217W;ATG12;936
YBR218C;PYC2;863
YBR220C;YBR220C;973
YBR221C;PDB1;922
YBR222C;PCS60;934
YBR223C;TDP1;NA
YBR225W;YBR225W;NA
YBR227C;MCX1;NA
YBR228W;SLX1;NA
YBR229C;ROT2;942
YBR230C;OM14;939
YBR230W-A;COQ21;NA
YBR231C;SWC5;959
YBR233W;PBP2;NA
YBR233W-A;DAD3;955
YBR234C;ARC40;887
YBR235W;VHC1;NA
YBR236C;ABD1;943
YBR237W;PRP5;NA
YBR238C;YBR238C;942
YBR239C;ERT1;NA
YBR240C;THI2;NA
YBR241C;YBR241C;NA
YBR242W;YBR242W;969
YBR243C;ALG7;978
YBR245C;ISW1;NA
YBR246W;RRT2;965
YBR247C;ENP1;905
YBR248C;HIS7;964
YBR249C;ARO4;895
YBR251W;MRPS5;960
YBR252W;DUT1;910
YBR253W;SRB6;NA
YBR254C;TRS20;NA
YBR255C-A;RCF3;934
YBR255W;MTC4;NA
YBR256C;RIB5;972
YBR258C;SHG1;991
YBR259W;YBR259W;NA
YBR260C;RGD1;NA
YBR261C;TAE1;928
YBR262C;MIC12;959
YBR263W;SHM1;NA
YBR264C;YPT10;995
YBR265W;TSC10;977
YBR267W;REI1;916
YBR268W;MRPL37;958
YBR269C;SDH8;940
YBR271W;EFM2;933
YBR272C;HSM3;932
YBR273C;UBX7;NA
YBR274W;CHK1;NA
YBR275C;RIF1;911
YBR276C;PPS1;NA
YBR278W;DPB3;NA
YBR279W;PAF1;944
YBR280C;SAF1;NA
YBR281C;DUG2;959
YBR282W;MRPL27;940
YBR283C;SSH1;992
YBR285W;YBR285W;NA
YBR286W;APE3;908
YBR287W;YBR287W;913
YBR288C;APM3;NA
YBR289W;SNF5;944
YBR290W;BSD2;932
YBR291C;CTP1;929
YBR293W;VBA2;911
YBR294W;SUL1;NA
YBR295W;PCA1;955
YBR296C;PHO89;932
YBR297W;MAL33;927
YCL001W;RER1;930
YCL002C;YCL002C;NA
YCL004W;PGS1;NA
YCL005W;LDB16;1026
YCL005W-A;VMA9;NA
YCL008C;STP22;883
YCL009C;ILV6;893
YCL010C;SGF29;928
YCL011C;GBP2;985
YCL012C;YCL012C;NA
YCL014W;BUD3;926
YCL016C;DCC1;963
YCL017C;NFS1;954
YCL024W;KCC4;945
YCL025C;AGP1;919
YCL026C-B;HBN1;NA
YCL027W;FUS1;892
YCL028W;RNQ1;NA
YCL029C;BIK1;894
YCL030C;HIS4;936
YCL031C;RRP7;923
YCL032W;STE50;897
YCL033C;MXR2;NA
YCL034W;LSB5;914
YCL035C;GRX1;961
YCL036W;GFD2;931
YCL037C;SRO9;965
YCL038C;ATG22;958
YCL039W;GID7;928
YCL040W;GLK1;936
YCL043C;PDI1;926
YCL044C;MGR1;916
YCL045C;EMC1;964
YCL047C;POF1;936
YCL048W-A;YCL048W-A;NA
YCL049C;YCL049C;937
YCL050C;APA1;979
YCL051W;LRE1;967
YCL052C;PBN1;NA
YCL054W;SPB1;903
YCL054W-A;RDT1;NA
YCL055W;KAR4;979
YCL056C;PEX34;759
YCL057C-A;MIC10;951
YCL057W;PRD1;977
YCL058W-A;ADF1;932
YCL059C;KRR1;1070
YCL061C;MRC1;985
YCL063W;VAC17;993
YCL064C;CHA1;924
YCR002C;CDC10;953
YCR003W;MRPL32;943
YCR004C;YCP4;910
YCR005C;CIT2;924
YCR006C;YCR006C;NA
YCR008W;SAT4;983
YCR009C;RVS161;937
YCR010C;ADY2;NA
YCR011C;ADP1;910
YCR012W;PGK1;885
YCR015C;CTO1;931
YCR016W;YCR016W;949
YCR017C;CWH43;965
YCR019W;MAK32;907
YCR020C-A;MAK31;NA
YCR020W-B;HTL1;NA
YCR021C;HSP30;906
YCR023C;YCR023C;925
YCR024C;SLM5;NA
YCR024C-A;PMP1;850
YCR026C;NPP1;939
YCR027C;RHB1;949
YCR028C;FEN2;1022
YCR028C-A;RIM1;878
YCR030C;SYP1;910
YCR031C;RPS14A;945
YCR032W;BPH1;NA
YCR033W;SNT1;971
YCR034W;ELO2;975
YCR035C;RRP43;935
YCR036W;RBK1;948
YCR037C;PHO87;938
YCR042C;TAF2;956
YCR043C;YCR043C;928
YCR044C;PER1;938
YCR046C;IMG1;939
YCR047C;BUD23;929
YCR048W;ARE1;931
YCR051W;YCR051W;951
YCR052W;RSC6;921
YCR053W;THR4;NA
YCR054C;CTR86;931
YCR057C;PWP2;988
YCR059C;YIH1;NA
YCR060W;TAH1;913
YCR061W;YCR061W;916
YCR063W;BUD31;1033
YCR065W;HCM1;877
YCR067C;SED4;925
YCR068W;ATG15;969
YCR069W;CPR4;965
YCR071C;IMG2;935
YCR072C;RSA4;979
YCR073C;SSK22;939
YCR073W-A;SOL2;886
YCR075C;ERS1;824
YCR075W-A;EGO2;NA
YCR076C;FUB1;NA
YCR077C;PAT1;948
YCR079W;PTC6;965
YCR081W;SRB8;895
YCR082W;AHC2;NA
YCR083W;TRX3;959
YCR084C;TUP1;995
YCR086W;CSM1;898
YCR087C-A;YCR087C-A;974
YCR088W;ABP1;949
YCR089W;FIG2;926
YCR090C;YCR090C;943
YCR091W;KIN82;NA
YCR092C;MSH3;933
YCR093W;CDC39;939
YCR094W;CDC50;949
YCR095C;OCA4;950
YCR101C;YCR101C;NA
YDL001W;RMD1;930
YDL002C;NHP10;895
YDL003W;MCD1;940
YDL004W;ATP16;923
YDL005C;MED2;993
YDL006W;PTC1;1018
YDL007W;RPT2;947
YDL008W;APC11;933
YDL010W;GRX6;969
YDL012C;YDL012C;936
YDL013W;SLX5;932
YDL014W;NOP1;NA
YDL015C;TSC13;997
YDL017W;CDC7;935
YDL018C;ERP3;922
YDL019C;OSH2;941
YDL020C;RPN4;942
YDL021W;GPM2;NA
YDL022W;GPD1;905
YDL024C;DIA3;NA
YDL025C;RTK1;940
YDL027C;MRX9;944
YDL028C;MPS1;874
YDL029W;ARP2;969
YDL030W;PRP9;965
YDL031W;DBP10;927
YDL033C;SLM3;991
YDL035C;GPR1;944
YDL036C;PUS9;956
YDL037C;BSC1;924
YDL040C;NAT1;955
YDL042C;SIR2;950
YDL043C;PRP11;931
YDL044C;MTF2;NA
YDL045C;FAD1;970
YDL045W-A;MRP10;944
YDL046W;NPC2;984
YDL047W;SIT4;924
YDL048C;STP4;NA
YDL049C;KNH1;810
YDL051W;LHP1;884
YDL052C;SLC1;943
YDL053C;PBP4;965
YDL054C;MCH1;962
YDL055C;PSA1;888
YDL056W;MBP1;931
YDL057W;YDL057W;926
YDL058W;USO1;912
YDL059C;RAD59;903
YDL060W;TSR1;920
YDL061C;RPS29B;947
YDL063C;SYO1;982
YDL064W;UBC9;NA
YDL065C;PEX19;932
YDL066W;IDP1;943
YDL067C;COX9;934
YDL069C;CBS1;NA
YDL070W;BDF2;925
YDL072C;YET3;945
YDL073W;AHK1;930
YDL074C;BRE1;944
YDL075W;RPL31A;956
YDL077C;VAM6;982
YDL078C;MDH3;937
YDL079C;MRK1;NA
YDL080C;THI3;972
YDL081C;RPP1A;936
YDL082W;RPL13A;960
YDL083C;RPS16B;967
YDL084W;SUB2;899
YDL085C-A;YDL085C-A;961
YDL085W;NDE2;NA
YDL086W;YDL086W;938
YDL087C;LUC7;965
YDL088C;ASM4;746
YDL089W;NUR1;NA
YDL090C;RAM1;NA
YDL091C;UBX3;936
YDL092W;SRP14;906
YDL093W;PMT5;925
YDL095W;PMT1;984
YDL097C;RPN6;960
YDL098C;SNU23;NA
YDL099W;BUG1;NA
YDL100C;GET3;938
YDL101C;DUN1;931
YDL102W;POL3;931
YDL103C;QRI1;1026
YDL104C;QRI7;953
YDL105W;NSE4;942
YDL106C;PHO2;974
YDL107W;MSS2;NA
YDL108W;KIN28;954
YDL110C;TMA17;927
YDL111C;RRP42;942
YDL112W;TRM3;984
YDL113C;ATG20;NA
YDL115C;IWR1;929
YDL116W;NUP84;971
YDL119C;HEM25;796
YDL120W;YFH1;924
YDL121C;EXP1;964
YDL122W;UBP1;NA
YDL123W;SNA4;940
YDL124W;YDL124W;932
YDL125C;HNT1;741
YDL126C;CDC48;917
YDL127W;PCL2;989
YDL128W;VCX1;989
YDL129W;YDL129W;942
YDL130W;RPP1B;939
YDL130W-A;STF1;796
YDL131W;LYS21;920
YDL132W;CDC53;NA
YDL133W;SRF1;NA
YDL134C;PPH21;NA
YDL135C;RDI1;924
YDL136W;RPL35B;950
YDL137W;ARF2;NA
YDL138W;RGT2;942
YDL139C;SCM3;963
YDL140C;RPO21;NA
YDL141W;BPL1;986
YDL142C;CRD1;NA
YDL143W;CCT4;951
YDL144C;YDL144C;964
YDL145C;COP1;937
YDL147W;RPN5;939
YDL148C;NOP14;914
YDL149W;ATG9;NA
YDL150W;RPC53;1018
YDL153C;SAS10;973
YDL155W;CLB3;965
YDL157C;YDL157C;930
YDL159W;STE7;985
YDL160C;DHH1;999
YDL160C-A;MHF2;952
YDL161W;ENT1;940
YDL164C;CDC9;987
YDL165W;CDC36;NA
YDL166C;FAP7;920
YDL167C;NRP1;943
YDL168W;SFA1;936
YDL169C;UGX2;NA
YDL170W;UGA3;934
YDL171C;GLT1;625
YDL173W;PAR32;936
YDL174C;DLD1;913
YDL175C;AIR2;1024
YDL176W;YDL176W;926
YDL177C;YDL177C;995
YDL178W;DLD2;943
YDL179W;PCL9;1048
YDL180W;YDL180W;883
YDL181W;INH1;912
YDL182W;LYS20;913
YDL183C;YDL183C;NA
YDL185W;VMA1;1005
YDL188C;PPH22;973
YDL189W;RBS1;913
YDL190C;UFD2;934
YDL191W;RPL35A;963
YDL192W;ARF1;936
YDL193W;NUS1;934
YDL194W;SNF3;925
YDL195W;SEC31;NA
YDL197C;ASF2;962
YDL198C;GGC1;925
YDL199C;YDL199C;NA
YDL200C;MGT1;NA
YDL201W;TRM8;990
YDL202W;MRPL11;967
YDL203C;ACK1;934
YDL204W;RTN2;565
YDL205C;HEM3;985
YDL207W;GLE1;977
YDL208W;NHP2;949
YDL209C;CWC2;1008
YDL211C;YDL211C;NA
YDL212W;SHR3;918
YDL213C;NOP6;936
YDL214C;PRR2;NA
YDL215C;GDH2;776
YDL216C;RRI1;NA
YDL217C;TIM22;921
YDL218W;YDL218W;NA
YDL219W;DTD1;838
YDL220C;CDC13;NA
YDL222C;FMP45;NA
YDL223C;HBT1;NA
YDL224C;WHI4;961
YDL225W;SHS1;946
YDL226C;GCS1;938
YDL227C;HO;915
YDL229W;SSB1;917
YDL230W;PTP1;945
YDL231C;BRE4;948
YDL232W;OST4;936
YDL233W;MFG1;NA
YDL234C;GYP7;NA
YDL235C;YPD1;955
YDL236W;PHO13;969
YDL237W;AIM6;NA
YDL238C;GUD1;NA
YDL240W;LRG1;970
YDL243C;AAD4;NA
YDL246C;SOR2;NA
YDL247W;MPH2;NA
YDR001C;NTH1;916
YDR002W;YRB1;903
YDR003W;RCR2;935
YDR004W;RAD57;994
YDR005C;MAF1;901
YDR006C;SOK1;980
YDR007W;TRP1;762
YDR009W;GAL3;NA
YDR011W;SNQ2;922
YDR012W;RPL4B;949
YDR013W;PSF1;982
YDR014W;RAD61;NA
YDR016C;DAD1;960
YDR017C;KCS1;NA
YDR018C;YDR018C;NA
YDR019C;GCV1;929
YDR020C;DAS2;944
YDR022C;ATG31;920
YDR023W;SES1;952
YDR025W;RPS11A;969
YDR026C;NSI1;NA
YDR027C;VPS54;947
YDR028C;REG1;912
YDR030C;RAD28;NA
YDR031W;MIX14;NA
YDR032C;PST2;913
YDR033W;MRH1;811
YDR034C;LYS14;759
YDR035W;ARO3;890
YDR041W;RSM10;972
YDR043C;NRG1;922
YDR044W;HEM13;906
YDR045C;RPC11;944
YDR046C;BAP3;918
YDR047W;HEM12;NA
YDR049W;VMS1;931
YDR050C;TPI1;859
YDR051C;DET1;925
YDR052C;DBF4;950
YDR054C;CDC34;985
YDR055W;PST1;924
YDR056C;EMC10;972
YDR057W;YOS9;966
YDR058C;TGL2;NA
YDR059C;UBC5;892
YDR060W;MAK21;NA
YDR061W;YDR061W;909
YDR062W;LCB2;942
YDR063W;AIM7;NA
YDR064W;RPS13;976
YDR065W;RRG1;NA
YDR066C;RTR2;NA
YDR067C;OCA6;NA
YDR068W;DOS2;855
YDR069C;DOA4;929
YDR070C;FMP16;NA
YDR071C;PAA1;973
YDR072C;IPT1;913
YDR073W;SNF11;731
YDR074W;TPS2;903
YDR075W;PPH3;961
YDR076W;RAD55;918
YDR077W;SED1;907
YDR078C;SHU2;919
YDR079C-A;TFB5;NA
YDR079W;PET100;NA
YDR080W;VPS41;844
YDR081C;PDC2;949
YDR082W;STN1;970
YDR083W;RRP8;875
YDR084C;TVP23;939
YDR085C;AFR1;NA
YDR086C;SSS1;NA
YDR087C;RRP1;940
YDR088C;SLU7;890
YDR089W;VTC5;865
YDR090C;ILT1;922
YDR091C;RLI1;952
YDR092W;UBC13;NA
YDR093W;DNF2;935
YDR096W;GIS1;NA
YDR097C;MSH6;NA
YDR098C;GRX3;918
YDR099W;BMH2;NA
YDR100W;TVP15;948
YDR101C;ARX1;924
YDR103W;STE5;945
YDR104C;SPO71;980
YDR105C;TMS1;NA
YDR106W;ARP10;NA
YDR107C;TMN2;NA
YDR108W;TRS85;NA
YDR109C;YDR109C;NA
YDR110W;FOB1;919
YDR111C;ALT2;764
YDR113C;PDS1;960
YDR115W;MRX14;974
YDR116C;MRPL1;986
YDR117C;TMA64;940
YDR118W;APC4;954
YDR119W;VBA4;981
YDR119W-A;COX26;NA
YDR120C;TRM1;968
YDR121W;DPB4;958
YDR122W;KIN1;NA
YDR123C;INO2;915
YDR124W;YDR124W;NA
YDR125C;ECM18;NA
YDR126W;SWF1;915
YDR127W;ARO1;946
YDR128W;MTC5;938
YDR129C;SAC6;944
YDR130C;FIN1;1034
YDR132C;YDR132C;999
YDR135C;YCF1;919
YDR137W;RGP1;900
YDR138W;HPR1;964
YDR139C;RUB1;NA
YDR140W;MTQ2;937
YDR141C;DOP1;961
YDR142C;PEX7;988
YDR143C;SAN1;938
YDR144C;MKC7;920
YDR145W;TAF12;962
YDR146C;SWI5;983
YDR147W;EKI1;944
YDR148C;KGD2;989
YDR150W;NUM1;NA
YDR151C;CTH1;754
YDR152W;GIR2;NA
YDR153C;ENT5;986
YDR155C;CPR1;889
YDR156W;RPA14;941
YDR158W;HOM2;898
YDR159W;SAC3;963
YDR160W;SSY1;980
YDR161W;ACL4;1024
YDR162C;NBP2;1069
YDR163W;CWC15;959
YDR164C;SEC1;944
YDR165W;TRM82;972
YDR166C;SEC5;NA
YDR167W;TAF10;984
YDR168W;CDC37;985
YDR169C;STB3;943
YDR170C;SEC7;987
YDR171W;HSP42;925
YDR172W;SUP35;944
YDR173C;ARG82;902
YDR174W;HMO1;1093
YDR175C;RSM24;957
YDR176W;NGG1;931
YDR177W;UBC1;915
YDR178W;SDH4;925
YDR179C;CSN9;NA
YDR179W-A;NVJ3;NA
YDR180W;SCC2;NA
YDR181C;SAS4;NA
YDR182W;CDC1;NA
YDR183W;PLP1;NA
YDR184C;ATC1;935
YDR185C;UPS3;924
YDR186C;SND1;935
YDR188W;CCT6;953
YDR189W;SLY1;916
YDR190C;RVB1;989
YDR191W;HST4;939
YDR192C;NUP42;962
YDR194C;MSS116;940
YDR195W;REF2;925
YDR196C;CAB5;991
YDR197W;CBS2;930
YDR198C;RKM2;1011
YDR200C;VPS64;961
YDR201W;SPC19;NA
YDR202C;RAV2;NA
YDR204W;COQ4;NA
YDR205W;MSC2;894
YDR206W;EBS1;1029
YDR207C;UME6;961
YDR208W;MSS4;879
YDR210W;YDR210W;941
YDR211W;GCD6;970
YDR212W;TCP1;938
YDR213W;UPC2;NA
YDR214W;AHA1;841
YDR216W;ADR1;NA
YDR217C;RAD9;NA
YDR219C;MFB1;978
YDR221W;GTB1;959
YDR222W;YDR222W;917
YDR223W;CRF1;NA
YDR224C;HTB1;896
YDR225W;HTA1;897
YDR226W;ADK1;932
YDR227W;SIR4;951
YDR228C;PCF11;1544
YDR229W;IVY1;NA
YDR231C;COX20;934
YDR232W;HEM1;916
YDR233C;RTN1;1030
YDR234W;LYS4;860
YDR235W;PRP42;917
YDR236C;FMN1;966
YDR237W;MRPL7;923
YDR238C;SEC26;912
YDR239C;YDR239C;937
YDR240C;SNU56;NA
YDR242W;AMD2;NA
YDR243C;PRP28;NA
YDR244W;PEX5;905
YDR245W;MNN10;932
YDR246W;TRS23;933
YDR247W;VHS1;922
YDR248C;YDR248C;931
YDR249C;YDR249C;968
YDR251W;PAM1;980
YDR252W;BTT1;948
YDR253C;MET32;856
YDR254W;CHL4;966
YDR255C;RMD5;994
YDR256C;CTA1;NA
YDR257C;RKM4;945
YDR258C;HSP78;934
YDR259C;YAP6;NA
YDR260C;SWM1;812
YDR261C;EXG2;959
YDR262W;YDR262W;983
YDR264C;AKR1;963
YDR265W;PEX10;805
YDR266C;HEL2;928
YDR267C;CIA1;983
YDR268W;MSW1;920
YDR270W;CCC2;911
YDR272W;GLO2;952
YDR273W;DON1;NA
YDR275W;BSC2;NA
YDR276C;PMP3;896
YDR277C;MTH1;917
YDR279W;RNH202;NA
YDR280W;RRP45;983
YDR281C;PHM6;909
YDR282C;MRX10;925
YDR283C;GCN2;NA
YDR284C;DPP1;978
YDR286C;MGP12;NA
YDR287W;INM2;NA
YDR288W;NSE3;985
YDR289C;RTT103;NA
YDR291W;HRQ1;NA
YDR292C;SRP101;977
YDR294C;DPL1;927
YDR295C;HDA2;940
YDR296W;MHR1;998
YDR297W;SUR2;900
YDR298C;ATP5;888
YDR299W;BFR2;963
YDR300C;PRO1;951
YDR301W;CFT1;955
YDR302W;GPI11;NA
YDR303C;RSC3;744
YDR304C;CPR5;NA
YDR305C;HNT2;941
YDR306C;YDR306C;NA
YDR307W;PMT7;952
YDR308C;SRB7;934
YDR309C;GIC2;926
YDR311W;TFB1;944
YDR312W;SSF2;922
YDR313C;PIB1;873
YDR314C;RAD34;918
YDR315C;IPK1;NA
YDR316W;OMS1;950
YDR317W;HIM1;NA
YDR318W;MCM21;NA
YDR319C;YFT2;993
YDR320C;SWA2;952
YDR320C-A;DAD4;NA
YDR321W;ASP1;797
YDR322C-A;TIM11;933
YDR322W;MRPL35;956
YDR323C;PEP7;919
YDR324C;UTP4;976
YDR325W;YCG1;891
YDR326C;YSP2;947
YDR328C;SKP1;968
YDR329C;PEX3;935
YDR330W;UBX5;1057
YDR331W;GPI8;921
YDR332W;IRC3;929
YDR333C;RQC1;961
YDR334W;SWR1;920
YDR335W;MSN5;972
YDR336W;MRX8;NA
YDR337W;MRPS28;952
YDR338C;YDR338C;NA
YDR339C;FCF1;989
YDR341C;YDR341C;942
YDR342C;HXT7;NA
YDR343C;HXT6;NA
YDR345C;HXT3;924
YDR346C;SVF1;NA
YDR347W;MRP1;922
YDR348C;PAL1;952
YDR349C;YPS7;975
YDR350C;ATP22;915
YDR351W;SBE2;936
YDR352W;YPQ2;NA
YDR353W;TRR1;908
YDR354W;TRP4;908
YDR356W;SPC110;NA
YDR357C;CNL1;832
YDR358W;GGA1;958
YDR359C;EAF1;729
YDR361C;BCP1;928
YDR362C;TFC6;935
YDR363W;ESC2;954
YDR363W-A;SEM1;976
YDR364C;CDC40;945
YDR365C;ESF1;980
YDR367W;KEI1;963
YDR368W;YPR1;913
YDR369C;XRS2;NA
YDR370C;DXO1;928
YDR371W;CTS2;933
YDR372C;VPS74;944
YDR373W;FRQ1;962
YDR374W-A;WIP1;978
YDR375C;BCS1;952
YDR376W;ARH1;NA
YDR377W;ATP17;949
YDR378C;LSM6;964
YDR379C-A;SDH6;NA
YDR379W;RGA2;862
YDR381C-A;COI1;934
YDR381W;YRA1;872
YDR382W;RPP2B;957
YDR383C;NKP1;NA
YDR384C;ATO3;919
YDR385W;EFT2;948
YDR386W;MUS81;925
YDR387C;CIN10;943
YDR388W;RVS167;957
YDR389W;SAC7;NA
YDR390C;UBA2;952
YDR391C;YDR391C;NA
YDR392W;SPT3;910
YDR393W;SHE9;934
YDR394W;RPT3;1036
YDR395W;SXM1;996
YDR397C;NCB2;918
YDR398W;UTP5;967
YDR399W;HPT1;879
YDR400W;URH1;930
YDR403W;DIT1;NA
YDR404C;RPB7;956
YDR405W;MRP20;925
YDR406W;PDR15;905
YDR407C;TRS120;950
YDR408C;ADE8;922
YDR409W;SIZ1;932
YDR410C;STE14;992
YDR411C;DFM1;950
YDR412W;RRP17;930
YDR414C;ERD1;NA
YDR415C;YDR415C;1046
YDR416W;SYF1;954
YDR418W;RPL12B;940
YDR419W;RAD30;NA
YDR420W;HKR1;939
YDR421W;ARO80;NA
YDR422C;SIP1;948
YDR423C;CAD1;959
YDR424C;DYN2;926
YDR425W;SNX41;NA
YDR427W;RPN9;932
YDR428C;BNA7;NA
YDR429C;TIF35;984
YDR430C;CYM1;NA
YDR432W;NPL3;921
YDR434W;GPI17;923
YDR435C;PPM1;NA
YDR436W;PPZ2;967
YDR437W;GPI19;940
YDR439W;LRS4;943
YDR440W;DOT1;NA
YDR441C;APT2;1018
YDR443C;SSN2;926
YDR444W;YDR444W;974
YDR447C;RPS17B;1002
YDR448W;ADA2;849
YDR449C;UTP6;974
YDR450W;RPS18A;947
YDR451C;YHP1;933
YDR452W;PPN1;951
YDR453C;TSA2;1176
YDR454C;GUK1;940
YDR456W;NHX1;925
YDR457W;TOM1;928
YDR458C;HEH2;939
YDR459C;PFA5;965
YDR460W;TFB3;977
YDR461C-A;CMI8;922
YDR461W;MFA1;929
YDR462W;MRPL28;983
YDR463W;STP1;939
YDR464W;SPP41;958
YDR465C;RMT2;943
YDR466W;PKH3;963
YDR468C;TLG1;975
YDR469W;SDC1;NA
YDR470C;UGO1;NA
YDR471W;RPL27B;913
YDR472W;TRS31;834
YDR473C;PRP3;1013
YDR475C;JIP4;906
YDR476C;YDR476C;946
YDR477W;SNF1;924
YDR478W;SNM1;980
YDR479C;PEX29;946
YDR480W;DIG2;944
YDR481C;PHO8;936
YDR482C;CWC21;979
YDR483W;KRE2;947
YDR484W;VPS52;932
YDR485C;VPS72;NA
YDR486C;VPS60;944
YDR487C;RIB3;996
YDR488C;PAC11;921
YDR489W;SLD5;935
YDR490C;PKH1;955
YDR492W;IZH1;920
YDR493W;MZM1;973
YDR494W;RSM28;940
YDR495C;VPS3;977
YDR496C;PUF6;975
YDR497C;ITR1;911
YDR498C;SEC20;1014
YDR499W;LCD1;904
YDR500C;RPL37B;953
YDR502C;SAM2;924
YDR503C;LPP1;949
YDR505C;PSP1;NA
YDR507C;GIN4;916
YDR508C;GNP1;885
YDR510W;SMT3;1019
YDR511W;SDH7;958
YDR512C;EMI1;1029
YDR513W;GRX2;935
YDR514C;YDR514C;NA
YDR515W;SLF1;NA
YDR516C;EMI2;914
YDR517W;GRH1;937
YDR518W;EUG1;926
YDR519W;FPR2;946
YDR520C;URC2;955
YDR524C;AGE1;990
YDR524C-B;YDR524C-B;904
YDR525W-A;SNA2;986
YDR527W;RBA50;NA
YDR528W;HLR1;931
YDR529C;QCR7;944
YDR530C;APA2;947
YDR531W;CAB1;937
YDR532C;KRE28;872
YDR533C;HSP31;925
YDR536W;STL1;NA
YDR539W;FDC1;904
YDR541C;YDR541C;NA
YEL001C;IRC22;984
YEL002C;WBP1;919
YEL003W;GIM4;826
YEL004W;YEA4;NA
YEL005C;VAB2;NA
YEL006W;YEA6;950
YEL007W;MIT1;914
YEL009C;GCN4;NA
YEL011W;GLC3;NA
YEL012W;UBC8;879
YEL013W;VAC8;992
YEL015W;EDC3;924
YEL016C;NPP2;NA
YEL017C-A;PMP2;924
YEL017W;GTT3;974
YEL018W;EAF5;967
YEL020C;PXP1;NA
YEL020W-A;TIM9;969
YEL021W;URA3;NA
YEL022W;GEA2;932
YEL023C;YEL023C;NA
YEL024W;RIP1;926
YEL025C;YEL025C;967
YEL026W;SNU13;919
YEL027W;VMA3;NA
YEL029C;BUD16;903
YEL031W;SPF1;953
YEL032W;MCM3;953
YEL034W;HYP2;885
YEL036C;ANP1;968
YEL037C;RAD23;973
YEL038W;UTR4;927
YEL039C;CYC7;NA
YEL040W;UTR2;908
YEL041W;YEF1;NA
YEL042W;GDA1;914
YEL043W;YEL043W;786
YEL044W;IES6;965
YEL046C;GLY1;909
YEL047C;FRD1;925
YEL048C;TCA17;943
YEL049W;PAU2;NA
YEL050C;RML2;928
YEL051W;VMA8;959
YEL052W;AFG1;894
YEL053C;MAK10;965
YEL054C;RPL12A;897
YEL055C;POL5;NA
YEL056W;HAT2;941
YEL057C;SDD1;NA
YEL058W;PCM1;950
YEL059C-A;SOM1;NA
YEL060C;PRB1;932
YEL061C;CIN8;957
YEL062W;NPR2;NA
YEL063C;CAN1;774
YEL064C;AVT2;NA
YEL065W;SIT1;920
YEL066W;HPA3;NA
YEL067C;YEL067C;NA
YEL068C;YEL068C;923
YEL069C;HXT13;NA
YEL070W;DSF1;NA
YEL071W;DLD3;897
YEL072W;RMD6;893
YEL073C;YEL073C;NA
YER001W;MNN1;916
YER002W;NOP16;954
YER003C;PMI40;935
YER004W;FMP52;911
YER005W;YND1;955
YER006W;NUG1;949
YER007C-A;TMA20;985
YER008C;SEC3;983
YER009W;NTF2;NA
YER010C;YER010C;988
YER011W;TIR1;923
YER012W;PRE1;928
YER013W;PRP22;960
YER014W;HEM14;NA
YER015W;FAA2;933
YER016W;BIM1;946
YER017C;AFG3;982
YER018C;SPC25;1008
YER019C-A;SBH2;952
YER019W;ISC1;538
YER020W;GPA2;988
YER021W;RPN3;944
YER022W;SRB4;948
YER023W;PRO3;906
YER024W;YAT2;NA
YER025W;GCD11;943
YER026C;CHO1;921
YER027C;GAL83;929
YER028C;MIG3;798
YER029C;SMB1;947
YER030W;CHZ1;NA
YER031C;YPT31;970
YER032W;FIR1;958
YER034W;YER034W;NA
YER035W;EDC2;936
YER036C;ARB1;899
YER037W;PHM8;NA
YER038C;KRE29;NA
YER039C;HVG1;926
YER040W;GLN3;1009
YER041W;YEN1;NA
YER042W;MXR1;943
YER043C;SAH1;923
YER044C;ERG28;886
YER046W;SPO73;NA
YER047C;SAP1;964
YER048C;CAJ1;920
YER048W-A;ISD11;NA
YER049W;TPA1;NA
YER050C;RSM18;949
YER051W;JHD1;981
YER052C;HOM3;926
YER053C;PIC2;916
YER053C-A;YER053C-A;NA
YER054C;GIP2;NA
YER055C;HIS1;979
YER056C;FCY2;909
YER056C-A;RPL34A;955
YER057C;HMF1;916
YER058W;PET117;926
YER059W;PCL6;964
YER060W;FCY21;981
YER061C;CEM1;942
YER062C;GPP2;897
YER063W;THO1;937
YER064C;VHR2;918
YER065C;ICL1;708
YER067W;RGI1;NA
YER068W;MOT2;930
YER069W;ARG5,6;914
YER070W;RNR1;903
YER071C;TDA2;955
YER072W;VTC1;1001
YER073W;ALD5;917
YER074W;RPS24A;1032
YER074W-A;YOS1;943
YER075C;PTP3;927
YER076C;YER076C;911
YER077C;MRX1;953
YER078C;ICP55;NA
YER079W;YER079W;897
YER080W;AIM9;952
YER081W;SER3;907
YER082C;UTP7;1000
YER083C;GET2;967
YER084W;YER084W;NA
YER086W;ILV1;887
YER087C-B;SBH1;933
YER087W;AIM10;901
YER088C;DOT6;896
YER089C;PTC2;NA
YER090W;TRP2;NA
YER091C;MET6;906
YER092W;IES5;1016
YER093C;TSC11;963
YER093C-A;AIM11;NA
YER094C;PUP3;982
YER095W;RAD51;NA
YER096W;SHC1;NA
YER098W;UBP9;NA
YER099C;PRS2;NA
YER100W;UBC6;NA
YER101C;AST2;951
YER102W;RPS8B;NA
YER103W;SSA4;993
YER104W;RTT105;913
YER105C;NUP157;962
YER107C;GLE2;NA
YER110C;KAP123;950
YER111C;SWI4;959
YER112W;LSM4;1004
YER113C;TMN3;1056
YER114C;BOI2;950
YER116C;SLX8;949
YER117W;RPL23B;940
YER118C;SHO1;940
YER119C;AVT6;947
YER120W;SCS2;931
YER121W;YER121W;NA
YER122C;GLO3;987
YER123W;YCK3;971
YER124C;DSE1;897
YER125W;RSP5;NA
YER126C;NSA2;941
YER128W;VFA1;NA
YER129W;SAK1;NA
YER130C;COM2;936
YER131W;RPS26B;954
YER133W;GLC7;934
YER134C;YER134C;921
YER136W;GDI1;942
YER137C;YER137C;877
YER139C;RTR1;NA
YER140W;EMP65;NA
YER141W;COX15;903
YER142C;MAG1;915
YER143W;DDI1;NA
YER144C;UBP5;704
YER145C;FTR1;944
YER146W;LSM5;926
YER147C;SCC4;NA
YER148W;SPT15;917
YER149C;PEA2;860
YER150W;SPI1;911
YER151C;UBP3;961
YER152C;YER152C;NA
YER153C;PET122;993
YER154W;OXA1;946
YER155C;BEM2;938
YER156C;YER156C;973
YER158C;YER158C;NA
YER159C;BUR6;907
YER161C;SPT2;951
YER164W;CHD1;943
YER165W;PAB1;NA
YER166W;DNF1;970
YER168C;CCA1;958
YER169W;RPH1;978
YER170W;ADK2;845
YER172C;BRR2;954
YER173W;RAD24;NA
YER175C;TMT1;NA
YER176W;ECM32;998
YER177W;BMH1;921
YER178W;PDA1;951
YER180C-A;SLO1;948
YER182W;FMP10;NA
YER183C;FAU1;897
YER186C;YER186C;NA
YER187W;YER187W;NA
YER188W;YER188W;NA
YFL001W;DEG1;NA
YFL002C;SPB4;NA
YFL004W;VTC2;789
YFL005W;SEC4;1072
YFL007W;BLM10;899
YFL008W;SMC1;NA
YFL009W;CDC4;965
YFL011W;HXT10;NA
YFL013C;IES1;929
YFL014W;HSP12;NA
YFL016C;MDJ1;929
YFL017C;GNA1;983
YFL017W-A;SMX2;965
YFL018C;LPD1;996
YFL021W;GAT1;888
YFL022C;FRS2;899
YFL023W;BUD27;955
YFL024C;EPL1;981
YFL025C;BST1;947
YFL026W;STE2;893
YFL027C;GYP8;932
YFL028C;CAF16;926
YFL029C;CAK1;955
YFL030W;AGX1;NA
YFL031W;HAC1;886
YFL033C;RIM15;851
YFL034C-A;RPL22B;986
YFL034C-B;MOB2;941
YFL034W;MIL1;939
YFL036W;RPO41;938
YFL037W;TUB2;958
YFL038C;YPT1;915
YFL039C;ACT1;921
YFL041W;FET5;930
YFL042C;LAM5;957
YFL044C;OTU1;948
YFL045C;SEC53;910
YFL046W;FMP32;NA
YFL047W;RGD2;946
YFL048C;EMP47;976
YFL049W;SWP82;942
YFL050C;ALR2;NA
YFL052W;ZNF1;NA
YFL054C;AQY3;NA
YFL055W;AGP3;NA
YFR001W;LOC1;973
YFR002W;NIC96;950
YFR003C;YPI1;NA
YFR004W;RPN11;NA
YFR005C;SAD1;931
YFR006W;YFR006W;NA
YFR007W;YFH7;965
YFR008W;FAR7;847
YFR009W;GCN20;966
YFR010W;UBP6;928
YFR011C;MIC19;1011
YFR013W;IOC3;930
YFR014C;CMK1;NA
YFR015C;GSY1;921
YFR016C;YFR016C;996
YFR017C;IGD1;922
YFR018C;YFR018C;958
YFR019W;FAB1;NA
YFR020W;CSS2;NA
YFR021W;ATG18;968
YFR022W;ROG3;924
YFR024C-A;LSB3;939
YFR025C;HIS2;937
YFR026C;ULI1;NA
YFR027W;ECO1;NA
YFR028C;CDC14;958
YFR029W;PTR3;925
YFR030W;MET10;912
YFR031C;SMC2;1012
YFR031C-A;RPL2A;976
YFR032C-A;RPL29;951
YFR033C;QCR6;934
YFR034C;PHO4;956
YFR036W;CDC26;NA
YFR037C;RSC8;910
YFR038W;IRC5;NA
YFR039C;OSW7;983
YFR040W;SAP155;903
YFR041C;ERJ5;988
YFR042W;KEG1;988
YFR043C;IRC6;NA
YFR044C;DUG1;948
YFR045W;YFR045W;NA
YFR046C;CNN1;NA
YFR047C;BNA6;NA
YFR048W;RMD8;911
YFR049W;YMR31;941
YFR050C;PRE4;920
YFR051C;RET2;960
YFR052W;RPN12;955
YFR053C;HXK1;922
YFR055W;IRC7;901
YGL001C;ERG26;920
YGL002W;ERP6;NA
YGL003C;CDH1;NA
YGL004C;RPN14;963
YGL005C;COG7;968
YGL006W;PMC1;NA
YGL008C;PMA1;893
YGL009C;LEU1;920
YGL010W;MPO1;919
YGL011C;SCL1;981
YGL012W;ERG4;931
YGL013C;PDR1;949
YGL014W;PUF4;931
YGL016W;KAP122;958
YGL017W;ATE1;NA
YGL018C;JAC1;NA
YGL019W;CKB1;NA
YGL020C;GET1;NA
YGL021W;ALK1;907
YGL022W;STT3;961
YGL023C;PIB2;953
YGL025C;PGD1;935
YGL026C;TRP5;952
YGL027C;CWH41;962
YGL028C;SCW11;912
YGL029W;CGR1;948
YGL030W;RPL30;970
YGL031C;RPL24A;NA
YGL032C;AGA2;912
YGL033W;HOP2;NA
YGL035C;MIG1;938
YGL036W;YGL036W;NA
YGL037C;PNC1;933
YGL038C;OCH1;953
YGL039W;YGL039W;916
YGL040C;HEM2;908
YGL041W-A;DPC13;981
YGL043W;DST1;945
YGL044C;RNA15;944
YGL045W;RIM8;NA
YGL047W;ALG13;NA
YGL048C;RPT6;980
YGL049C;TIF4632;953
YGL050W;TYW3;940
YGL054C;ERV14;923
YGL055W;OLE1;907
YGL056C;SDS23;911
YGL057C;GEP7;918
YGL058W;RAD6;978
YGL059W;PKP2;NA
YGL060W;YBP2;NA
YGL061C;DUO1;NA
YGL062W;PYC1;NA
YGL063W;PUS2;1016
YGL064C;MRH4;926
YGL065C;ALG2;938
YGL066W;SGF73;1013
YGL067W;NPY1;967
YGL068W;MNP1;1032
YGL070C;RPB9;893
YGL071W;AFT1;1039
YGL073W;HSF1;982
YGL075C;MPS2;1002
YGL076C;RPL7A;1014
YGL077C;HNM1;957
YGL078C;DBP3;960
YGL079W;KXD1;934
YGL080W;MPC1;948
YGL082W;YGL082W;950
YGL084C;GUP1;955
YGL085W;LCL3;986
YGL086W;MAD1;927
YGL087C;MMS2;917
YGL088W;YGL088W;902
YGL090W;LIF1;NA
YGL091C;NBP35;NA
YGL092W;NUP145;990
YGL093W;SPC105;926
YGL094C;PAN2;964
YGL095C;VPS45;932
YGL096W;TOS8;NA
YGL097W;SRM1;963
YGL098W;USE1;920
YGL099W;LSG1;943
YGL100W;SEH1;969
YGL101W;YGK1;934
YGL103W;RPL28;921
YGL104C;VPS73;NA
YGL105W;ARC1;918
YGL106W;MLC1;970
YGL107C;RMD9;977
YGL108C;YGL108C;947
YGL110C;CUE3;874
YGL111W;NSA1;911
YGL112C;TAF6;NA
YGL113W;SLD3;924
YGL114W;YGL114W;924
YGL115W;SNF4;969
YGL116W;CDC20;930
YGL117W;YGL117W;951
YGL119W;COQ8;928
YGL120C;PRP43;957
YGL121C;GPG1;NA
YGL122C;NAB2;948
YGL123W;RPS2;1012
YGL124C;MON1;NA
YGL125W;MET13;NA
YGL126W;SCS3;NA
YGL127C;SOH1;933
YGL128C;CWC23;NA
YGL129C;RSM23;948
YGL130W;CEG1;981
YGL131C;SNT2;943
YGL133W;ITC1;924
YGL134W;PCL10;989
YGL135W;RPL1B;927
YGL136C;MRM2;964
YGL137W;SEC27;970
YGL139W;FLC3;962
YGL141W;HUL5;NA
YGL142C;GPI10;NA
YGL143C;MRF1;928
YGL144C;ROG1;941
YGL145W;TIP20;946
YGL146C;RRT6;790
YGL147C;RPL9A;NA
YGL148W;ARO2;930
YGL150C;INO80;923
YGL151W;NUT1;990
YGL153W;PEX14;NA
YGL154C;LYS5;930
YGL155W;CDC43;NA
YGL156W;AMS1;NA
YGL157W;ARI1;931
YGL159W;YGL159W;913
YGL160W;AIM14;NA
YGL161C;YIP5;956
YGL162W;SUT1;928
YGL163C;RAD54;930
YGL164C;YRB30;926
YGL166W;CUP2;990
YGL167C;PMR1;1014
YGL169W;SUA5;939
YGL171W;ROK1;991
YGL172W;NUP49;931
YGL173C;XRN1;955
YGL174W;BUD13;NA
YGL175C;SAE2;NA
YGL176C;YGL176C;812
YGL178W;MPT5;935
YGL179C;TOS3;1829
YGL180W;ATG1;NA
YGL181W;GTS1;941
YGL184C;STR3;NA
YGL185C;YGL185C;963
YGL186C;TPN1;963
YGL187C;COX4;969
YGL188C-A;YGL188C-A;NA
YGL189C;RPS26A;541
YGL190C;CDC55;NA
YGL191W;COX13;NA
YGL194C;HOS2;976
YGL195W;GCN1;981
YGL196W;DSD1;NA
YGL197W;MDS3;989
YGL198W;YIP4;NA
YGL200C;EMP24;932
YGL201C;MCM6;938
YGL202W;ARO8;NA
YGL203C;KEX1;756
YGL204C;YGL204C;936
YGL205W;POX1;NA
YGL206C;CHC1;885
YGL207W;SPT16;980
YGL208W;SIP2;933
YGL209W;MIG2;861
YGL210W;YPT32;926
YGL211W;NCS6;944
YGL212W;VAM7;959
YGL213C;SKI8;948
YGL215W;CLG1;937
YGL216W;KIP3;985
YGL219C;MDM34;883
YGL220W;BOL2;NA
YGL221C;NIF3;945
YGL222C;EDC1;936
YGL223C;COG1;944
YGL224C;SDT1;939
YGL225W;VRG4;923
YGL226C-A;OST5;NA
YGL226W;MTC3;NA
YGL227W;VID30;NA
YGL228W;SHE10;995
YGL229C;SAP4;982
YGL231C;EMC4;NA
YGL232W;TAN1;NA
YGL233W;SEC15;940
YGL234W;ADE5,7;888
YGL236C;MTO1;934
YGL237C;HAP2;956
YGL238W;CSE1;901
YGL240W;DOC1;NA
YGL241W;KAP114;NA
YGL242C;YGL242C;NA
YGL243W;TAD1;NA
YGL244W;RTF1;931
YGL245W;GUS1;958
YGL246C;RAI1;1010
YGL247W;BRR6;972
YGL248W;PDE1;NA
YGL250W;RMR1;NA
YGL252C;RTG2;959
YGL253W;HXK2;893
YGL254W;FZF1;924
YGL255W;ZRT1;NA
YGL256W;ADH4;899
YGL257C;MNT2;1086
YGL262W;YGL262W;NA
YGL263W;COS12;928
YGR001C;EFM5;930
YGR002C;SWC4;927
YGR003W;CUL3;959
YGR004W;PEX31;930
YGR005C;TFG2;NA
YGR006W;PRP18;922
YGR007W;ECT1;990
YGR008C;STF2;NA
YGR009C;SEC9;954
YGR010W;NMA2;752
YGR012W;MCY1;980
YGR013W;SNU71;944
YGR014W;MSB2;928
YGR015C;EAT1;980
YGR016W;YGR016W;987
YGR017W;YGR017W;1030
YGR019W;UGA1;NA
YGR020C;VMA7;NA
YGR021W;DPC29;963
YGR024C;THG1;879
YGR026W;YGR026W;NA
YGR027C;RPS25A;971
YGR028W;MSP1;788
YGR029W;ERV1;NA
YGR030C;POP6;947
YGR031W;IMO32;993
YGR032W;GSC2;NA
YGR033C;TIM21;921
YGR034W;RPL26B;955
YGR035C;YGR035C;924
YGR036C;CAX4;857
YGR037C;ACB1;912
YGR038W;ORM1;932
YGR040W;KSS1;NA
YGR042W;MTE1;NA
YGR043C;NQM1;NA
YGR044C;RME1;NA
YGR046W;TAM41;959
YGR047C;TFC4;965
YGR048W;UFD1;931
YGR049W;SCM4;922
YGR052W;FMP48;NA
YGR053C;MCO32;NA
YGR054W;YGR054W;922
YGR055W;MUP1;927
YGR056W;RSC1;1028
YGR057C;LST7;951
YGR058W;PEF1;923
YGR060W;ERG25;869
YGR061C;ADE6;924
YGR062C;COX18;NA
YGR063C;SPT4;921
YGR065C;VHT1;926
YGR066C;YGR066C;NA
YGR067C;YGR067C;NA
YGR068C;ART5;840
YGR071C;ENV11;NA
YGR072W;UPF3;935
YGR074W;SMD1;931
YGR075C;PRP38;931
YGR076C;MRPL25;904
YGR077C;PEX8;NA
YGR078C;PAC10;1000
YGR079W;YGR079W;898
YGR080W;TWF1;943
YGR081C;SLX9;999
YGR082W;TOM20;928
YGR083C;GCD2;982
YGR084C;MRP13;936
YGR085C;RPL11B;956
YGR086C;PIL1;916
YGR087C;PDC6;NA
YGR088W;CTT1;NA
YGR090W;UTP22;967
YGR091W;PRP31;954
YGR092W;DBF2;918
YGR093W;DRN1;NA
YGR094W;VAS1;957
YGR095C;RRP46;NA
YGR096W;TPC1;949
YGR097W;ASK10;942
YGR098C;ESP1;NA
YGR099W;TEL2;NA
YGR100W;MDR1;NA
YGR101W;PCP1;946
YGR102C;GTF1;1003
YGR103W;NOP7;940
YGR104C;SRB5;NA
YGR105W;VMA21;937
YGR106C;VOA1;939
YGR108W;CLB1;886
YGR109C;CLB6;922
YGR110W;CLD1;NA
YGR111W;YGR111W;953
YGR112W;SHY1;NA
YGR113W;DAM1;906
YGR116W;SPT6;910
YGR117C;YGR117C;923
YGR118W;RPS23A;991
YGR119C;NUP57;965
YGR120C;COG2;965
YGR121C;MEP1;NA
YGR122W;YGR122W;926
YGR123C;PPT1;921
YGR124W;ASN2;926
YGR125W;YGR125W;1109
YGR126W;YGR126W;NA
YGR127W;YGR127W;NA
YGR128C;UTP8;954
YGR129W;SYF2;944
YGR130C;YGR130C;982
YGR131W;FHN1;839
YGR132C;PHB1;930
YGR133W;PEX4;963
YGR134W;CAF130;989
YGR135W;PRE9;916
YGR136W;LSB1;930
YGR140W;CBF2;939
YGR141W;VPS62;933
YGR142W;BTN2;922
YGR143W;SKN1;729
YGR144W;THI4;NA
YGR145W;ENP2;NA
YGR146C;ECL1;903
YGR147C;NAT2;970
YGR148C;RPL24B;961
YGR149W;GPC1;NA
YGR150C;CCM1;953
YGR152C;RSR1;871
YGR153W;YGR153W;NA
YGR154C;GTO1;NA
YGR155W;CYS4;945
YGR156W;PTI1;931
YGR157W;CHO2;812
YGR158C;MTR3;938
YGR159C;NSR1;880
YGR161C;RTS3;892
YGR161W-C;YGR161W-C;1089
YGR162W;TIF4631;930
YGR163W;GTR2;952
YGR165W;MRPS35;950
YGR166W;TRS65;934
YGR167W;CLC1;972
YGR168C;PEX35;930
YGR169C;PUS6;944
YGR169C-A;LSO2;1004
YGR170W;PSD2;953
YGR171C;MSM1;879
YGR172C;YIP1;971
YGR173W;RBG2;951
YGR174C;CBP4;954
YGR175C;ERG1;1045
YGR177C;ATF2;916
YGR178C;PBP1;967
YGR179C;OKP1;930
YGR180C;RNR4;709
YGR181W;TIM13;921
YGR183C;QCR9;966
YGR184C;UBR1;NA
YGR185C;TYS1;931
YGR186W;TFG1;948
YGR187C;HGH1;939
YGR188C;BUB1;928
YGR189C;CRH1;906
YGR191W;HIP1;945
YGR192C;TDH3;890
YGR193C;PDX1;933
YGR194C;XKS1;934
YGR195W;SKI6;937
YGR196C;FYV8;914
YGR197C;SNG1;887
YGR198W;YPP1;947
YGR199W;PMT6;997
YGR200C;ELP2;942
YGR201C;YGR201C;NA
YGR202C;PCT1;1001
YGR203W;YCH1;958
YGR204W;ADE3;930
YGR205W;TDA10;951
YGR206W;MVB12;NA
YGR207C;CIR1;1017
YGR208W;SER2;987
YGR209C;TRX2;910
YGR210C;YGR210C;922
YGR211W;ZPR1;925
YGR214W;RPS0A;933
YGR215W;RSM27;928
YGR216C;GPI1;941
YGR217W;CCH1;NA
YGR218W;CRM1;915
YGR220C;MRPL9;929
YGR221C;TOS2;924
YGR222W;PET54;792
YGR223C;HSV2;934
YGR227W;DIE2;942
YGR229C;SMI1;914
YGR230W;BNS1;506
YGR231C;PHB2;948
YGR232W;NAS6;981
YGR233C;PHO81;938
YGR234W;YHB1;907
YGR235C;MIC26;967
YGR236C;SPG1;NA
YGR237C;YGR237C;961
YGR238C;KEL2;806
YGR239C;PEX21;925
YGR240C;PFK1;998
YGR241C;YAP1802;901
YGR243W;MPC3;905
YGR244C;LSC2;918
YGR245C;SDA1;909
YGR246C;BRF1;937
YGR247W;CPD1;NA
YGR248W;SOL4;NA
YGR250C;RIE1;932
YGR251W;NOP19;947
YGR252W;GCN5;968
YGR253C;PUP2;989
YGR254W;ENO1;894
YGR255C;COQ6;984
YGR256W;GND2;NA
YGR257C;MTM1;NA
YGR258C;RAD2;916
YGR260W;TNA1;867
YGR261C;APL6;971
YGR262C;BUD32;972
YGR263C;SAY1;NA
YGR264C;MES1;970
YGR266W;YGR266W;957
YGR267C;FOL2;932
YGR268C;HUA1;961
YGR270W;YTA7;985
YGR271C-A;EFG1;NA
YGR271W;SLH1;949
YGR274C;TAF1;NA
YGR275W;RTT102;950
YGR276C;RNH70;931
YGR277C;CAB4;NA
YGR278W;CWC22;992
YGR279C;SCW4;894
YGR280C;PXR1;931
YGR281W;YOR1;NA
YGR282C;BGL2;926
YGR283C;YGR283C;954
YGR284C;ERV29;NA
YGR285C;ZUO1;956
YGR286C;BIO2;925
YGR287C;IMA1;NA
YGR288W;MAL13;1013
YGR289C;MAL11;NA
YGR292W;MAL12;NA
YHL001W;RPL14B;962
YHL002W;HSE1;620
YHL003C;LAG1;1003
YHL004W;MRP4;953
YHL006C;SHU1;1010
YHL007C;STE20;NA
YHL009C;YAP3;988
YHL010C;ETP1;NA
YHL011C;PRS3;903
YHL013C;OTU2;953
YHL014C;YLF2;956
YHL015W;RPS20;1017
YHL016C;DUR3;916
YHL017W;YHL017W;NA
YHL018W;MCO14;891
YHL019C;APM2;NA
YHL020C;OPI1;947
YHL021C;AIM17;942
YHL023C;NPR3;NA
YHL024W;RIM4;NA
YHL025W;SNF6;937
YHL026C;YHL026C;891
YHL027W;RIM101;918
YHL028W;WSC4;919
YHL029C;OCA5;946
YHL030W;ECM29;929
YHL031C;GOS1;936
YHL032C;GUT1;952
YHL033C;RPL8A;924
YHL034C;SBP1;935
YHL035C;VMR1;NA
YHL036W;MUP3;929
YHL038C;CBP2;911
YHL039W;EFM1;922
YHL040C;ARN1;916
YHL043W;ECM34;NA
YHL044W;YHL044W;932
YHR001W;OSH7;905
YHR001W-A;QCR10;860
YHR002W;LEU5;921
YHR003C;TCD1;940
YHR004C;NEM1;917
YHR005C;GPA1;1017
YHR005C-A;TIM10;959
YHR006W;STP2;931
YHR007C;ERG11;877
YHR008C;SOD2;928
YHR009C;TDA3;945
YHR010W;RPL27A;955
YHR011W;DIA4;931
YHR012W;VPS29;928
YHR013C;ARD1;936
YHR016C;YSC84;960
YHR017W;YSC83;NA
YHR018C;ARG4;940
YHR019C;DED81;924
YHR020W;YHR020W;NA
YHR021C;RPS27B;945
YHR023W;MYO1;938
YHR024C;MAS2;959
YHR025W;THR1;946
YHR026W;VMA16;931
YHR027C;RPN1;930
YHR028C;DAP2;954
YHR029C;YHI9;935
YHR030C;SLT2;NA
YHR031C;RRM3;964
YHR032W;ERC1;NA
YHR033W;YHR033W;NA
YHR034C;PIH1;944
YHR035W;NEL1;NA
YHR036W;BRL1;982
YHR037W;PUT2;924
YHR038W;RRF1;945
YHR039C;MSC7;826
YHR039C-A;VMA10;941
YHR040W;BCD1;931
YHR042W;NCP1;921
YHR043C;DOG2;906
YHR044C;DOG1;NA
YHR045W;YHR045W;832
YHR046C;INM1;947
YHR047C;AAP1;941
YHR049W;FSH1;926
YHR050W;SMF2;1021
YHR051W;COX6;838
YHR052W;CIC1;970
YHR056C;RSC30;967
YHR057C;CPR2;NA
YHR058C;MED6;920
YHR059W;FYV4;NA
YHR060W;VMA22;936
YHR061C;GIC1;NA
YHR062C;RPP1;NA
YHR063C;PAN5;935
YHR064C;SSZ1;961
YHR065C;RRP3;985
YHR066W;SSF1;987
YHR067W;HTD2;965
YHR068W;DYS1;914
YHR069C;RRP4;935
YHR070W;TRM5;NA
YHR071W;PCL5;903
YHR072W;ERG7;NA
YHR072W-A;NOP10;927
YHR073W;OSH3;881
YHR074W;QNS1;910
YHR075C;PPE1;NA
YHR076W;PTC7;928
YHR077C;NMD2;NA
YHR078W;YHR078W;918
YHR079C;IRE1;942
YHR080C;LAM4;961
YHR081W;LRP1;985
YHR083W;SAM35;941
YHR084W;STE12;919
YHR085W;IPI1;935
YHR086W;NAM8;944
YHR087W;RTC3;NA
YHR088W;RPF1;935
YHR089C;GAR1;914
YHR090C;YNG2;945
YHR091C;MSR1;926
YHR092C;HXT4;NA
YHR094C;HXT1;920
YHR096C;HXT5;NA
YHR097C;YHR097C;889
YHR098C;SFB3;943
YHR099W;TRA1;952
YHR100C;GEP4;849
YHR101C;BIG1;933
YHR102W;KIC1;875
YHR103W;SBE22;1079
YHR104W;GRE3;948
YHR105W;YPT35;NA
YHR106W;TRR2;865
YHR107C;CDC12;996
YHR108W;GGA2;NA
YHR109W;CTM1;NA
YHR110W;ERP5;947
YHR111W;UBA4;877
YHR112C;YHR112C;922
YHR113W;APE4;NA
YHR114W;BZZ1;922
YHR115C;DMA1;977
YHR116W;COX23;NA
YHR117W;TOM71;935
YHR118C;ORC6;NA
YHR119W;SET1;951
YHR121W;LSM12;961
YHR122W;CIA2;941
YHR123W;EPT1;1010
YHR126C;ANS1;NA
YHR127W;YHR127W;928
YHR128W;FUR1;885
YHR129C;ARP1;1002
YHR131C;YHR131C;939
YHR132C;ECM14;983
YHR132W-A;IGO2;1028
YHR133C;NSG1;921
YHR134W;WSS1;NA
YHR135C;YCK1;952
YHR137W;ARO9;936
YHR138C;YHR138C;909
YHR139C;SPS100;NA
YHR140W;YHR140W;NA
YHR141C;RPL42B;962
YHR142W;CHS7;817
YHR143W;DSE2;917
YHR143W-A;RPC10;923
YHR144C;DCD1;1012
YHR146W;CRP1;918
YHR147C;MRPL6;NA
YHR148W;IMP3;931
YHR149C;SKG6;956
YHR150W;PEX28;952
YHR151C;MTC6;960
YHR152W;SPO12;NA
YHR154W;RTT107;951
YHR155W;LAM1;939
YHR156C;LIN1;923
YHR158C;KEL1;983
YHR159W;TDA11;978
YHR160C;PEX18;NA
YHR161C;YAP1801;1009
YHR162W;MPC2;937
YHR163W;SOL3;933
YHR164C;DNA2;919
YHR165C;PRP8;931
YHR166C;CDC23;NA
YHR167W;THP2;912
YHR168W;MTG2;969
YHR169W;DBP8;955
YHR170W;NMD3;944
YHR171W;ATG7;NA
YHR172W;SPC97;919
YHR174W;ENO2;887
YHR175W;CTR2;959
YHR176W;FMO1;NA
YHR177W;ROF1;NA
YHR178W;STB5;926
YHR179W;OYE2;911
YHR180W;YHR180W;NA
YHR181W;SVP26;977
YHR182W;YHR182W;NA
YHR183W;GND1;890
YHR186C;KOG1;921
YHR187W;IKI1;933
YHR188C;GPI16;979
YHR189W;PTH1;NA
YHR190W;ERG9;940
YHR191C;CTF8;NA
YHR192W;LNP1;922
YHR193C;EGD2;947
YHR194W;MDM31;924
YHR195W;NVJ1;958
YHR196W;UTP9;1003
YHR197W;RIX1;927
YHR198C;AIM18;926
YHR199C;AIM46;723
YHR199C-A;NBL1;NA
YHR200W;RPN10;945
YHR201C;PPX1;924
YHR202W;YHR202W;NA
YHR203C;RPS4B;1004
YHR204W;MNL1;779
YHR205W;SCH9;919
YHR206W;SKN7;938
YHR207C;SET5;965
YHR208W;BAT1;926
YHR209W;CRG1;NA
YHR214W;YHR214W;NA
YHR216W;IMD2;913
YIL001W;YIL001W;977
YIL002C;INP51;937
YIL002W-A;CMI7;NA
YIL003W;CFD1;914
YIL005W;EPS1;969
YIL006W;YIA6;930
YIL007C;NAS2;969
YIL008W;URM1;1007
YIL009C-A;EST3;923
YIL009W;FAA3;933
YIL010W;DOT5;938
YIL011W;TIR3;883
YIL013C;PDR11;908
YIL014C-A;YIL014C-A;NA
YIL014W;MNT3;971
YIL015W;BAR1;894
YIL016W;SNL1;927
YIL017C;VID28;970
YIL018W;RPL2B;944
YIL019W;FAF1;919
YIL020C;HIS6;1011
YIL021W;RPB3;932
YIL022W;TIM44;935
YIL023C;YKE4;974
YIL024C;YIL024C;NA
YIL026C;IRR1;904
YIL027C;EMC5;934
YIL029C;YIL029C;876
YIL030C;SSM4;929
YIL031W;ULP2;908
YIL033C;BCY1;921
YIL034C;CAP2;974
YIL035C;CKA1;964
YIL036W;CST6;999
YIL038C;NOT3;939
YIL039W;TED1;951
YIL040W;APQ12;929
YIL041W;GVP36;968
YIL042C;PKP1;984
YIL043C;CBR1;922
YIL044C;AGE2;934
YIL045W;PIG2;NA
YIL046W;MET30;955
YIL047C;SYG1;1319
YIL048W;NEO1;975
YIL049W;DFG10;946
YIL050W;PCL7;979
YIL051C;MMF1;934
YIL052C;RPL34B;928
YIL053W;GPP1;905
YIL055C;YIL055C;NA
YIL056W;VHR1;934
YIL057C;RGI2;NA
YIL061C;SNP1;931
YIL062C;ARC15;939
YIL063C;YRB2;952
YIL064W;EFM4;906
YIL065C;FIS1;990
YIL067C;YIL067C;946
YIL068C;SEC6;938
YIL069C;RPS24B;1038
YIL070C;MAM33;931
YIL071C;PCI8;1019
YIL074C;SER33;NA
YIL075C;RPN2;960
YIL076W;SEC28;952
YIL077C;RCI37;948
YIL078W;THS1;947
YIL079C;AIR1;935
YIL083C;CAB2;932
YIL084C;SDS3;979
YIL085C;KTR7;NA
YIL087C;AIM19;NA
YIL088C;AVT7;937
YIL089W;YIL089W;NA
YIL090W;ICE2;957
YIL091C;UTP25;1010
YIL093C;RSM25;859
YIL094C;LYS12;934
YIL095W;PRK1;NA
YIL096C;BMT5;933
YIL097W;FYV10;NA
YIL098C;FMC1;NA
YIL101C;XBP1;NA
YIL102C-A;YIL102C-A;972
YIL103W;DPH1;NA
YIL104C;SHQ1;942
YIL105C;SLM1;NA
YIL106W;MOB1;NA
YIL107C;PFK26;888
YIL108W;YIL108W;784
YIL109C;SEC24;978
YIL110W;HPM1;953
YIL111W;COX5B;822
YIL112W;HOS4;985
YIL113W;SDP1;NA
YIL114C;POR2;937
YIL115C;NUP159;931
YIL116W;HIS5;893
YIL117C;PRM5;929
YIL118W;RHO3;934
YIL119C;RPI1;882
YIL120W;QDR1;NA
YIL121W;QDR2;937
YIL122W;POG1;967
YIL123W;SIM1;929
YIL124W;AYR1;964
YIL125W;KGD1;947
YIL126W;STH1;938
YIL127C;RRT14;936
YIL128W;MET18;940
YIL129C;TAO3;937
YIL130W;ASG1;1011
YIL131C;FKH1;923
YIL132C;CSM2;NA
YIL133C;RPL16A;945
YIL134W;FLX1;917
YIL135C;VHS2;903
YIL136W;OM45;916
YIL137C;TMA108;909
YIL138C;TPM2;941
YIL139C;REV7;886
YIL140W;AXL2;863
YIL142W;CCT2;940
YIL143C;SSL2;NA
YIL144W;NDC80;941
YIL145C;PAN6;972
YIL146C;ATG32;NA
YIL147C;SLN1;947
YIL148W;RPL40A;976
YIL149C;MLP2;968
YIL150C;MCM10;946
YIL151C;ESL1;928
YIL152W;YIL152W;885
YIL153W;RRD1;NA
YIL154C;IMP2';NA
YIL155C;GUT2;723
YIL156W;UBP7;NA
YIL157C;COA1;936
YIL158W;AIM20;920
YIL159W;BNR1;931
YIL160C;POT1;NA
YIL161W;YIL161W;945
YIL162W;SUC2;1031
YIL164C;NIT1;645
YIL166C;SOA1;NA
YIR001C;SGN1;937
YIR002C;MPH1;939
YIR003W;AIM21;964
YIR004W;DJP1;970
YIR005W;IST3;NA
YIR006C;PAN1;944
YIR007W;EGH1;NA
YIR008C;PRI1;NA
YIR009W;MSL1;NA
YIR010W;DSN1;976
YIR011C;STS1;932
YIR012W;SQT1;931
YIR014W;VLD1;893
YIR015W;RPR2;999
YIR016W;YIR016W;NA
YIR017C;MET28;945
YIR018W;YAP5;965
YIR019C;FLO11;NA
YIR021W;MRS1;940
YIR022W;SEC11;956
YIR023W;DAL81;939
YIR024C;INA22;NA
YIR025W;MND2;982
YIR026C;YVH1;NA
YIR027C;DAL1;NA
YIR028W;DAL4;NA
YIR029W;DAL2;NA
YIR030C;DCG1;NA
YIR031C;DAL7;822
YIR032C;DAL3;866
YIR033W;MGA2;919
YIR034C;LYS1;939
YIR035C;YIR035C;975
YIR036C;IRC24;NA
YIR037W;HYR1;920
YIR038C;GTT1;NA
YIR042C;YIR042C;NA
YJL001W;PRE3;946
YJL002C;OST1;969
YJL003W;COX16;842
YJL004C;SYS1;985
YJL005W;CYR1;955
YJL006C;CTK2;974
YJL008C;CCT8;993
YJL010C;NOP9;943
YJL011C;RPC17;NA
YJL012C;VTC4;966
YJL013C;MAD3;NA
YJL014W;CCT3;941
YJL019W;MPS3;980
YJL020C;BBC1;977
YJL023C;PET130;NA
YJL024C;APS3;945
YJL025W;RRN7;946
YJL026W;RNR2;854
YJL029C;VPS53;966
YJL030W;MAD2;951
YJL031C;BET4;NA
YJL033W;HCA4;977
YJL034W;KAR2;896
YJL035C;TAD2;NA
YJL036W;SNX4;950
YJL041W;NSP1;927
YJL042W;MHP1;940
YJL044C;GYP6;985
YJL045W;YJL045W;NA
YJL046W;AIM22;974
YJL047C;RTT101;NA
YJL047C-A;YJL047C-A;NA
YJL048C;UBX6;759
YJL049W;CHM7;966
YJL050W;MTR4;971
YJL051W;IRC8;NA
YJL052W;TDH1;915
YJL053W;PEP8;963
YJL054W;TIM54;NA
YJL055W;LOG1;916
YJL056C;ZAP1;NA
YJL057C;IKS1;982
YJL058C;BIT61;942
YJL060W;BNA3;928
YJL061W;NUP82;930
YJL062W;LAS21;NA
YJL062W-A;COA3;NA
YJL063C;MRPL8;964
YJL065C;DLS1;960
YJL066C;MPM1;NA
YJL068C;YJL068C;NA
YJL069C;UTP18;917
YJL070C;YJL070C;NA
YJL071W;ARG2;NA
YJL072C;PSF2;958
YJL073W;JEM1;966
YJL074C;SMC3;958
YJL076W;NET1;973
YJL078C;PRY3;1089
YJL079C;PRY1;1175
YJL080C;SCP160;924
YJL081C;ARP4;950
YJL082W;IML2;986
YJL083W;TAX4;948
YJL084C;ALY2;966
YJL085W;EXO70;777
YJL087C;TRL1;NA
YJL088W;ARG3;893
YJL089W;SIP4;NA
YJL091C;GWT1;975
YJL092W;SRS2;947
YJL093C;TOK1;981
YJL094C;KHA1;934
YJL096W;MRPL49;939
YJL097W;PHS1;981
YJL098W;SAP185;967
YJL099W;CHS6;959
YJL100W;LSB6;NA
YJL101C;GSH1;945
YJL102W;MEF2;942
YJL103C;GSM1;NA
YJL104W;PAM16;973
YJL105W;SET4;NA
YJL107C;YJL107C;907
YJL109C;UTP10;936
YJL110C;GZF3;933
YJL111W;CCT7;886
YJL112W;MDV1;970
YJL115W;ASF1;NA
YJL116C;NCA3;NA
YJL117W;PHO86;945
YJL118W;YJL118W;928
YJL121C;RPE1;922
YJL122W;ALB1;940
YJL123C;MTC1;944
YJL124C;LSM1;918
YJL125C;GCD14;973
YJL127C;SPT10;NA
YJL127C-B;MCO6;945
YJL128C;PBS2;963
YJL129C;TRK1;957
YJL130C;URA2;1375
YJL131C;AIM23;959
YJL132W;YJL132W;NA
YJL133C-A;DPI8;909
YJL133W;MRS3;903
YJL134W;LCB3;907
YJL136C;RPS21B;947
YJL137C;GLG2;899
YJL138C;TIF2;927
YJL139C;YUR1;920
YJL140W;RPB4;930
YJL141C;YAK1;924
YJL143W;TIM17;931
YJL144W;ROQ1;927
YJL145W;SFH5;1012
YJL146W;IDS2;806
YJL147C;MRX5;941
YJL148W;RPA34;938
YJL149W;DAS1;932
YJL151C;SNA3;927
YJL153C;INO1;NA
YJL154C;VPS35;912
YJL155C;FBP26;NA
YJL156C;SSY5;968
YJL157C;FAR1;NA
YJL158C;CIS3;915
YJL161W;FMP33;NA
YJL162C;JJJ2;971
YJL163C;YJL163C;NA
YJL164C;TPK1;NA
YJL165C;HAL5;NA
YJL167W;ERG20;913
YJL168C;SET2;976
YJL170C;ASG7;NA
YJL171C;TOH1;934
YJL172W;CPS1;926
YJL173C;RFA3;934
YJL174W;KRE9;945
YJL176C;SWI3;956
YJL177W;RPL17B;NA
YJL178C;ATG27;961
YJL179W;PFD1;NA
YJL180C;ATP12;979
YJL181W;RBH1;936
YJL183W;MNN11;NA
YJL184W;GON7;NA
YJL185C;ATG36;NA
YJL186W;MNN5;NA
YJL187C;SWE1;999
YJL189W;RPL39;924
YJL190C;RPS22A;980
YJL191W;RPS14B;NA
YJL192C;SOP4;938
YJL193W;YJL193W;978
YJL194W;CDC6;941
YJL196C;ELO1;938
YJL197W;UBP12;953
YJL198W;PHO90;933
YJL199C;MBB1;912
YJL200C;ACO2;828
YJL201W;ECM25;930
YJL203W;PRP21;971
YJL206C;YJL206C;NA
YJL207C;LAA1;970
YJL208C;NUC1;968
YJL209W;CBP1;951
YJL210W;PEX2;935
YJL212C;OPT1;926
YJL213W;YJL213W;NA
YJL216C;IMA5;NA
YJR001W;AVT1;926
YJR002W;MPP10;975
YJR003C;MRX12;933
YJR004C;SAG1;NA
YJR005W;APL1;952
YJR006W;POL31;919
YJR007W;SUI2;940
YJR008W;MHO1;NA
YJR009C;TDH2;918
YJR010C-A;SPC1;NA
YJR010W;MET3;771
YJR011C;YJR011C;938
YJR012C;YJR012C;NA
YJR013W;GPI14;815
YJR014W;TMA22;754
YJR015W;YJR015W;922
YJR016C;ILV3;1100
YJR017C;ESS1;950
YJR019C;TES1;945
YJR021C;REC107;1013
YJR022W;LSM8;956
YJR024C;MDE1;963
YJR025C;BNA1;939
YJR030C;RBH2;938
YJR031C;GEA1;NA
YJR032W;CPR7;NA
YJR033C;RAV1;NA
YJR034W;PET191;875
YJR035W;RAD26;NA
YJR039W;MLO127;NA
YJR040W;GEF1;926
YJR041C;URB2;934
YJR042W;NUP85;945
YJR043C;POL32;973
YJR044C;VPS55;950
YJR045C;SSC1;1102
YJR046W;TAH11;NA
YJR047C;ANB1;934
YJR048W;CYC1;825
YJR049C;UTR1;995
YJR050W;ISY1;949
YJR051W;OSM1;797
YJR052W;RAD7;923
YJR053W;BFA1;NA
YJR054W;KCH1;1032
YJR055W;HIT1;NA
YJR056C;YJR056C;917
YJR057W;CDC8;924
YJR058C;APS2;743
YJR059W;PTK2;926
YJR062C;NTA1;916
YJR063W;RPA12;1031
YJR064W;CCT5;917
YJR065C;ARP3;958
YJR066W;TOR1;941
YJR067C;YAE1;NA
YJR068W;RFC2;966
YJR069C;HAM1;NA
YJR070C;LIA1;934
YJR072C;NPA3;973
YJR073C;OPI3;NA
YJR074W;MOG1;NA
YJR075W;HOC1;936
YJR076C;CDC11;967
YJR077C;MIR1;943
YJR078W;BNA2;NA
YJR080C;AIM24;896
YJR082C;EAF6;957
YJR083C;ACF4;NA
YJR084W;YJR084W;944
YJR085C;TMH11;943
YJR086W;STE18;916
YJR088C;EMC2;958
YJR089W;BIR1;909
YJR090C;GRR1;977
YJR091C;JSN1;952
YJR092W;BUD4;902
YJR093C;FIP1;978
YJR094W-A;RPL43B;931
YJR095W;SFC1;NA
YJR096W;YJR096W;867
YJR097W;JJJ3;981
YJR098C;YJR098C;989
YJR099W;YUH1;890
YJR100C;AIM25;NA
YJR101W;RSM26;924
YJR102C;VPS25;NA
YJR103W;URA8;800
YJR104C;SOD1;945
YJR105W;ADO1;945
YJR106W;ECM27;913
YJR108W;ABM1;738
YJR109C;CPA2;1002
YJR110W;YMR1;1006
YJR111C;PXP2;NA
YJR112W;NNF1;773
YJR112W-A;YJR112W-A;987
YJR113C;RSM7;980
YJR115W;YJR115W;NA
YJR116W;TDA4;907
YJR117W;STE24;905
YJR118C;ILM1;932
YJR121W;ATP2;NA
YJR122W;IBA57;975
YJR123W;RPS5;922
YJR124C;YJR124C;927
YJR125C;ENT3;979
YJR126C;VPS70;947
YJR127C;RSF2;895
YJR129C;EFM3;NA
YJR130C;STR2;NA
YJR131W;MNS1;1004
YJR132W;NMD5;951
YJR133W;XPT1;NA
YJR134C;SGM1;975
YJR135C;MCM22;NA
YJR135W-A;TIM8;NA
YJR136C;TTI2;NA
YJR137C;MET5;NA
YJR138W;IML1;923
YJR139C;HOM6;954
YJR140C;HIR3;NA
YJR141W;IPA1;825
YJR142W;YJR142W;961
YJR143C;PMT4;979
YJR144W;MGM101;998
YJR145C;RPS4A;984
YJR147W;HMS2;916
YJR148W;BAT2;914
YJR149W;YJR149W;NA
YJR150C;DAN1;NA
YJR151C;DAN4;NA
YJR152W;DAL5;NA
YJR154W;YJR154W;NA
YJR155W;AAD10;NA
YKL001C;MET14;1272
YKL002W;DID4;575
YKL003C;MRP17;1342
YKL004W;AUR1;555
YKL005C;BYE1;1354
YKL006C-A;SFT1;1314
YKL006W;RPL14A;599
YKL007W;CAP1;598
YKL008C;LAC1;1262
YKL009W;MRT4;583
YKL010C;UFD4;NA
YKL011C;CCE1;NA
YKL012W;PRP40;635
YKL013C;ARC19;NA
YKL014C;URB1;1321
YKL015W;PUT3;574
YKL016C;ATP7;1310
YKL017C;HCS1;1288
YKL018C-A;MCO12;NA
YKL018W;SWD2;591
YKL019W;RAM2;531
YKL020C;SPT23;1321
YKL021C;MAK11;1272
YKL022C;CDC16;1309
YKL023C-A;MIN9;NA
YKL023W;YKL023W;NA
YKL024C;URA6;1249
YKL025C;PAN3;1306
YKL026C;GPX1;NA
YKL027W;TCD2;677
YKL028W;TFA1;545
YKL029C;MAE1;1276
YKL032C;IXR1;NA
YKL033W-A;YKL033W-A;598
YKL034W;TUL1;630
YKL035W;UGP1;538
YKL038W;RGT1;417
YKL039W;PTM1;613
YKL040C;NFU1;1327
YKL041W;VPS24;604
YKL042W;SPC42;628
YKL043W;PHD1;255
YKL044W;MMO1;NA
YKL045W;PRI2;612
YKL046C;DCW1;1297
YKL047W;ANR2;598
YKL048C;ELM1;1296
YKL049C;CSE4;1284
YKL050C;YKL050C;NA
YKL051W;SFK1;336
YKL052C;ASK1;1402
YKL053C-A;MDM35;1278
YKL054C;DEF1;1257
YKL055C;OAR1;1284
YKL056C;TMA19;1228
YKL057C;NUP120;1307
YKL058W;TOA2;604
YKL059C;MPE1;1341
YKL060C;FBA1;1252
YKL061W;BLI1;550
YKL062W;MSN4;NA
YKL063C;YKL063C;1266
YKL064W;MNR2;580
YKL065C;YET1;1262
YKL065W-A;DPC7;NA
YKL067W;YNK1;563
YKL068W;NUP100;612
YKL068W-A;YKL068W-A;565
YKL069W;YKL069W;NA
YKL072W;STB6;568
YKL073W;LHS1;NA
YKL074C;MUD2;NA
YKL075C;YKL075C;NA
YKL077W;PSG1;554
YKL078W;DHR2;622
YKL079W;SMY1;NA
YKL080W;VMA5;674
YKL081W;TEF4;569
YKL082C;RRP14;1314
YKL084W;HOT13;NA
YKL085W;MDH1;565
YKL086W;SRX1;632
YKL088W;CAB3;623
YKL090W;CUE2;538
YKL091C;YKL091C;1362
YKL092C;BUD2;1287
YKL093W;MBR1;NA
YKL094W;YJU3;580
YKL095W;YJU2;NA
YKL096W;CWP1;569
YKL096W-A;CWP2;557
YKL098W;MTC2;584
YKL099C;UTP11;1318
YKL100C;YPF1;1298
YKL101W;HSL1;572
YKL103C;APE1;NA
YKL104C;GFA1;1313
YKL105C;SEG2;NA
YKL106W;AAT1;559
YKL107W;YKL107W;NA
YKL108W;SLD2;605
YKL109W;HAP4;513
YKL110C;KTI12;1297
YKL112W;ABF1;496
YKL113C;RAD27;1305
YKL114C;APN1;1282
YKL116C;PRR1;1460
YKL117W;SBA1;590
YKL119C;VPH2;1223
YKL120W;OAC1;568
YKL121W;DGR2;594
YKL122C;SRP21;1346
YKL124W;SSH4;537
YKL125W;RRN3;583
YKL126W;YPK1;616
YKL127W;PGM1;590
YKL128C;PMU1;1326
YKL129C;MYO3;NA
YKL130C;SHE2;934
YKL134C;OCT1;940
YKL135C;APL2;965
YKL137W;CMC1;NA
YKL138C;MRPL31;926
YKL138C-A;HSK3;937
YKL139W;CTK1;929
YKL140W;TGL1;855
YKL141W;SDH3;947
YKL142W;MRP8;916
YKL143W;LTV1;930
YKL144C;RPC25;1001
YKL145W;RPT1;938
YKL146W;AVT3;936
YKL148C;SDH1;916
YKL149C;DBR1;967
YKL150W;MCR1;932
YKL151C;NNR2;933
YKL152C;GPM1;878
YKL154W;SRP102;NA
YKL155C;RSM22;982
YKL156W;RPS27A;979
YKL157W;APE2;NA
YKL159C;RCN1;889
YKL160W;ELF1;932
YKL161C;KDX1;NA
YKL163W;PIR3;NA
YKL164C;PIR1;913
YKL165C;MCD4;957
YKL166C;TPK3;914
YKL167C;MRP49;954
YKL168C;KKQ8;954
YKL170W;MRPL38;941
YKL171W;NNK1;951
YKL172W;EBP2;1012
YKL173W;SNU114;926
YKL174C;TPO5;NA
YKL175W;ZRT3;959
YKL176C;LST4;928
YKL178C;STE3;NA
YKL179C;COY1;937
YKL180W;RPL17A;946
YKL181W;PRS1;932
YKL182W;FAS1;936
YKL183W;LOT5;967
YKL184W;SPE1;1000
YKL185W;ASH1;459
YKL186C;MTR2;875
YKL187C;FAT3;926
YKL188C;PXA2;NA
YKL189W;HYM1;915
YKL191W;DPH2;963
YKL192C;ACP1;931
YKL193C;SDS22;939
YKL194C;MST1;956
YKL195W;MIA40;NA
YKL196C;YKT6;948
YKL197C;PEX1;926
YKL198C;PTK1;937
YKL201C;MNN4;NA
YKL203C;TOR2;953
YKL204W;EAP1;969
YKL205W;LOS1;941
YKL206C;ADD66;947
YKL207W;EMC3;NA
YKL208W;CBT1;884
YKL209C;STE6;903
YKL210W;UBA1;934
YKL211C;TRP3;942
YKL212W;SAC1;1011
YKL213C;DOA1;962
YKL214C;YRA2;967
YKL215C;OXP1;NA
YKL216W;URA1;928
YKL217W;JEN1;NA
YKL218C;SRY1;NA
YKL219W;COS9;940
YKL222C;YKL222C;NA
YKR001C;VPS1;1362
YKR002W;PAP1;620
YKR003W;OSH6;575
YKR006C;MRPL13;1264
YKR007W;MEH1;583
YKR008W;RSC4;598
YKR009C;FOX2;NA
YKR010C;TOF2;1326
YKR011C;YKR011C;1334
YKR013W;PRY2;556
YKR014C;YPT52;1292
YKR016W;MIC60;577
YKR017C;HEL1;1328
YKR018C;YKR018C;1297
YKR020W;VPS51;NA
YKR021W;ALY1;585
YKR022C;NTR2;1347
YKR023W;RQT4;594
YKR024C;DBP7;1260
YKR025W;RPC37;596
YKR026C;GCN3;1109
YKR027W;BCH2;594
YKR028W;SAP190;578
YKR029C;SET3;1318
YKR030W;GMH1;474
YKR031C;SPO14;1294
YKR034W;DAL80;NA
YKR035W-A;DID2;568
YKR036C;CAF4;1308
YKR037C;SPC34;1309
YKR038C;KAE1;1304
YKR039W;GAP1;528
YKR041W;YKR041W;667
YKR042W;UTH1;571
YKR043C;SHB17;1288
YKR044W;UIP5;594
YKR045C;YKR045C;1288
YKR046C;PLN1;NA
YKR048C;NAP1;1279
YKR049C;FMP46;1304
YKR050W;TRK2;NA
YKR051W;YKR051W;618
YKR052C;MRS4;1301
YKR053C;YSR3;1274
YKR054C;DYN1;1325
YKR055W;RHO4;605
YKR056W;TRM2;583
YKR057W;RPS21A;626
YKR058W;GLG1;546
YKR059W;TIF1;560
YKR060W;UTP30;574
YKR061W;KTR2;567
YKR062W;TFA2;583
YKR063C;LAS1;1306
YKR064W;OAF3;619
YKR065C;PAM17;1273
YKR066C;CCP1;1289
YKR067W;GPT2;577
YKR068C;BET3;1294
YKR069W;MET1;545
YKR070W;YKR070W;611
YKR072C;SIS2;1279
YKR074W;AIM29;624
YKR075C;YKR075C;1259
YKR076W;ECM4;NA
YKR077W;MSA2;525
YKR078W;YKR078W;NA
YKR079C;TRZ1;1253
YKR080W;MTD1;544
YKR081C;RPF2;1328
YKR082W;NUP133;561
YKR083C;DAD2;NA
YKR084C;HBS1;1321
YKR085C;MRPL20;NA
YKR086W;PRP16;NA
YKR087C;OMA1;1291
YKR088C;TVP38;NA
YKR089C;TGL4;1295
YKR090W;PXL1;625
YKR091W;SRL3;385
YKR092C;SRP40;1347
YKR093W;PTR2;NA
YKR094C;RPL40B;1365
YKR095W;MLP1;576
YKR095W-A;PCC1;434
YKR096W;ESL2;NA
YKR097W;PCK1;NA
YKR098C;UBP11;1299
YKR099W;BAS1;573
YKR100C;SKG1;1303
YKR101W;SIR1;NA
YLL001W;DNM1;934
YLL002W;RTT109;915
YLL003W;SFI1;1042
YLL004W;ORC3;961
YLL006W;MMM1;953
YLL007C;LMO1;993
YLL008W;DRS1;953
YLL009C;COX17;939
YLL010C;PSR1;968
YLL011W;SOF1;950
YLL012W;YEH1;NA
YLL013C;PUF3;1020
YLL014W;EMC6;933
YLL015W;BPT1;937
YLL018C;DPS1;932
YLL018C-A;COX19;166
YLL019C;KNS1;NA
YLL021W;SPA2;1007
YLL022C;HIF1;NA
YLL023C;POM33;915
YLL024C;SSA2;893
YLL025W;PAU17;NA
YLL026W;HSP104;914
YLL027W;ISA1;942
YLL028W;TPO1;895
YLL029W;FRA1;979
YLL031C;GPI13;946
YLL032C;YLL032C;962
YLL033W;IRC19;NA
YLL034C;RIX7;NA
YLL035W;GRC3;908
YLL036C;PRP19;NA
YLL038C;ENT4;989
YLL039C;UBI4;913
YLL040C;VPS13;937
YLL041C;SDH2;919
YLL043W;FPS1;988
YLL045C;RPL8B;972
YLL048C;YBT1;924
YLL049W;LDB18;924
YLL050C;COF1;919
YLL051C;FRE6;980
YLL052C;AQY2;905
YLL054C;YLL054C;NA
YLL055W;YCT1;NA
YLL058W;YLL058W;NA
YLL060C;GTT2;936
YLL061W;MMP1;936
YLL062C;MHT1;933
YLR001C;YLR001C;935
YLR002C;NOC3;933
YLR003C;CMS1;832
YLR004C;THI73;NA
YLR005W;SSL1;959
YLR006C;SSK1;945
YLR007W;NSE1;941
YLR008C;PAM18;1012
YLR009W;RLP24;931
YLR010C;TEN1;1006
YLR011W;LOT6;987
YLR012C;YLR012C;NA
YLR014C;PPR1;917
YLR015W;BRE2;NA
YLR016C;PML1;955
YLR017W;MEU1;1045
YLR018C;POM34;935
YLR019W;PSR2;953
YLR020C;YEH2;NA
YLR021W;IRC25;NA
YLR022C;SDO1;NA
YLR023C;IZH3;934
YLR025W;SNF7;953
YLR026C;SED5;NA
YLR027C;AAT2;925
YLR028C;ADE16;919
YLR029C;RPL15A;930
YLR030W;YLR030W;NA
YLR032W;RAD5;973
YLR033W;RSC58;933
YLR034C;SMF3;923
YLR035C;MLH2;943
YLR037C;PAU23;NA
YLR038C;COX12;918
YLR039C;RIC1;976
YLR040C;AFB1;NA
YLR042C;YLR042C;NA
YLR043C;TRX1;960
YLR044C;PDC1;883
YLR045C;STU2;1031
YLR048W;RPS0B;915
YLR049C;MLO50;942
YLR050C;YLR050C;921
YLR051C;FCF2;942
YLR052W;IES3;930
YLR053C;YLR053C;NA
YLR055C;SPT8;985
YLR056W;ERG3;902
YLR057W;MNL2;956
YLR058C;SHM2;914
YLR059C;REX2;911
YLR060W;FRS1;935
YLR061W;RPL22A;962
YLR063W;BMT6;NA
YLR064W;PER33;796
YLR065C;SND2;940
YLR066W;SPC3;936
YLR067C;PET309;933
YLR068W;FYV7;NA
YLR069C;MEF1;951
YLR070C;XYL2;NA
YLR071C;RGR1;961
YLR072W;LAM6;951
YLR073C;RFU1;998
YLR074C;BUD20;930
YLR075W;RPL10;911
YLR077W;FMP25;NA
YLR078C;BOS1;NA
YLR079W;SIC1;931
YLR080W;EMP46;NA
YLR082C;SRL2;944
YLR083C;EMP70;902
YLR084C;RAX2;947
YLR085C;ARP6;919
YLR086W;SMC4;982
YLR087C;CSF1;969
YLR088W;GAA1;986
YLR089C;ALT1;864
YLR090W;XDJ1;984
YLR091W;GEP5;881
YLR092W;SUL2;NA
YLR093C;NYV1;933
YLR094C;GIS3;863
YLR095C;IOC2;928
YLR096W;KIN2;928
YLR097C;HRT3;1006
YLR098C;CHA4;970
YLR099C;ICT1;904
YLR099W-A;MIM2;940
YLR100W;ERG27;949
YLR102C;APC9;929
YLR103C;CDC45;937
YLR104W;LCL2;939
YLR105C;SEN2;935
YLR106C;MDN1;943
YLR107W;REX3;NA
YLR108C;YLR108C;934
YLR109W;AHP1;922
YLR110C;CCW12;907
YLR112W;YLR112W;929
YLR113W;HOG1;719
YLR114C;AVL9;908
YLR115W;CFT2;973
YLR116W;MSL5;948
YLR117C;CLF1;NA
YLR118C;TML25;NA
YLR119W;SRN2;950
YLR120C;YPS1;892
YLR121C;YPS3;NA
YLR122C;YLR122C;NA
YLR126C;YLR126C;989
YLR127C;APC2;NA
YLR128W;DCN1;NA
YLR129W;DIP2;956
YLR130C;ZRT2;893
YLR132C;USB1;NA
YLR133W;CKI1;896
YLR134W;PDC5;NA
YLR135W;SLX4;964
YLR136C;TIS11;913
YLR137W;RKM5;926
YLR138W;NHA1;986
YLR139C;SLS1;NA
YLR141W;RRN5;970
YLR142W;PUT1;911
YLR144C;ACF2;NA
YLR145W;RMP1;NA
YLR146C;SPE4;973
YLR146W-A;YLR146W-A;NA
YLR147C;SMD3;962
YLR148W;PEP3;NA
YLR149C;YLR149C;NA
YLR150W;STM1;946
YLR151C;PCD1;NA
YLR152C;YLR152C;957
YLR153C;ACS2;929
YLR154C;RNH203;933
YLR157C;ASP3-2;NA
YLR158C;ASP3-3;NA
YLR163C;MAS1;952
YLR164W;SHH4;670
YLR165C;PUS5;945
YLR166C;SEC10;984
YLR167W;RPS31;927
YLR168C;UPS2;NA
YLR170C;APS1;964
YLR172C;DPH5;958
YLR173W;YLR173W;NA
YLR174W;IDP2;NA
YLR175W;CBF5;958
YLR176C;RFX1;982
YLR177W;YLR177W;NA
YLR178C;TFS1;NA
YLR179C;YLR179C;921
YLR180W;SAM1;937
YLR181C;VTA1;NA
YLR182W;SWI6;NA
YLR183C;TOS4;984
YLR185W;RPL37A;938
YLR186W;EMG1;937
YLR187W;SKG3;1174
YLR188W;MDL1;961
YLR189C;ATG26;921
YLR190W;MMR1;964
YLR191W;PEX13;922
YLR192C;HCR1;913
YLR193C;UPS1;931
YLR194C;NCW2;927
YLR195C;NMT1;919
YLR196W;PWP1;895
YLR197W;NOP56;970
YLR199C;PBA1;NA
YLR200W;YKE2;NA
YLR201C;COQ9;NA
YLR203C;MSS51;976
YLR204W;QRI5;910
YLR205C;HMX1;846
YLR206W;ENT2;911
YLR207W;HRD3;989
YLR208W;SEC13;916
YLR209C;PNP1;NA
YLR210W;CLB4;1000
YLR211C;ATG38;923
YLR212C;TUB4;NA
YLR213C;CRR1;976
YLR214W;FRE1;928
YLR215C;CDC123;884
YLR216C;CPR6;936
YLR218C;COA4;1039
YLR219W;MSC3;930
YLR220W;CCC1;957
YLR221C;RSA3;971
YLR222C;UTP13;936
YLR223C;IFH1;936
YLR224W;UCC1;976
YLR225C;YLR225C;942
YLR226W;BUR2;905
YLR227C;ADY4;744
YLR228C;ECM22;715
YLR229C;CDC42;929
YLR231C;BNA5;NA
YLR233C;EST1;NA
YLR234W;TOP3;925
YLR237W;THI7;NA
YLR238W;FAR10;948
YLR239C;LIP2;NA
YLR240W;VPS34;979
YLR241W;CSC1;923
YLR242C;ARV1;973
YLR243W;GPN3;1000
YLR244C;MAP1;919
YLR245C;CDD1;1027
YLR246W;ERF2;NA
YLR247C;IRC20;977
YLR248W;RCK2;1473
YLR249W;YEF3;915
YLR250W;SSP120;912
YLR251W;SYM1;NA
YLR253W;MCP2;NA
YLR254C;NDL1;956
YLR256W;HAP1;916
YLR257W;YLR257W;909
YLR258W;GSY2;921
YLR259C;HSP60;902
YLR260W;LCB5;942
YLR262C;YPT6;923
YLR262C-A;TMA7;939
YLR263W;RED1;1258
YLR264W;RPS28B;944
YLR265C;NEJ1;928
YLR267W;BOP2;NA
YLR268W;SEC22;NA
YLR270W;DCS1;951
YLR271W;CMG1;NA
YLR272C;YCS4;NA
YLR274W;MCM5;970
YLR275W;SMD2;940
YLR276C;DBP9;910
YLR277C;YSH1;910
YLR278C;YLR278C;958
YLR281C;RSO55;NA
YLR283W;YLR283W;NA
YLR284C;ECI1;NA
YLR285W;NNT1;956
YLR286C;CTS1;913
YLR287C;YLR287C;935
YLR287C-A;RPS30A;1020
YLR288C;MEC3;NA
YLR289W;GUF1;924
YLR290C;COQ11;NA
YLR291C;GCD7;932
YLR292C;SEC72;928
YLR293C;GSP1;923
YLR295C;ATP14;966
YLR297W;YLR297W;916
YLR298C;YHC1;938
YLR299W;ECM38;930
YLR300W;EXG1;888
YLR301W;HRI1;927
YLR303W;MET17;NA
YLR304C;ACO1;891
YLR305C;STT4;1007
YLR307C-A;YLR307C-A;NA
YLR307W;CDA1;NA
YLR308W;CDA2;NA
YLR309C;IMH1;920
YLR310C;CDC25;945
YLR312C;ATG39;NA
YLR312W-A;MRPL15;959
YLR313C;SPH1;NA
YLR314C;CDC3;962
YLR315W;NKP2;960
YLR316C;TAD3;955
YLR319C;BUD6;963
YLR320W;MMS22;NA
YLR321C;SFH1;931
YLR323C;CWC24;942
YLR324W;PEX30;NA
YLR325C;RPL38;951
YLR326W;YLR326W;1003
YLR327C;TMA10;NA
YLR328W;NMA1;957
YLR330W;CHS5;926
YLR332W;MID2;926
YLR333C;RPS25B;NA
YLR335W;NUP2;912
YLR336C;SGD1;909
YLR337C;VRP1;NA
YLR340W;RPP0;928
YLR342W;FKS1;943
YLR343W;GAS2;NA
YLR344W;RPL26A;974
YLR345W;YLR345W;NA
YLR346C;CIS1;915
YLR347C;KAP95;942
YLR348C;DIC1;929
YLR350W;ORM2;925
YLR351C;NIT3;964
YLR352W;LUG1;1026
YLR353W;BUD8;948
YLR354C;TAL1;873
YLR355C;ILV5;916
YLR356W;ATG33;925
YLR357W;RSC2;928
YLR359W;ADE13;989
YLR360W;VPS38;915
YLR361C;DCR2;NA
YLR361C-A;YLR361C-A;NA
YLR362W;STE11;890
YLR363C;NMD4;984
YLR363W-A;YLR363W-A;965
YLR364W;GRX8;1003
YLR367W;RPS22B;NA
YLR369W;SSQ1;NA
YLR370C;ARC18;932
YLR371W;ROM2;939
YLR372W;ELO3;925
YLR373C;VID22;991
YLR375W;STP3;932
YLR376C;PSY3;NA
YLR377C;FBP1;NA
YLR378C;SEC61;981
YLR380W;CSR1;905
YLR382C;NAM2;742
YLR383W;SMC6;954
YLR384C;IKI3;963
YLR385C;SWC7;NA
YLR386W;VAC14;NA
YLR387C;REH1;957
YLR388W;RPS29A;NA
YLR389C;STE23;1026
YLR390W;ECM19;NA
YLR390W-A;CCW14;930
YLR392C;ART10;1040
YLR393W;ATP10;910
YLR395C;COX8;943
YLR396C;VPS33;985
YLR397C;AFG2;1002
YLR398C;SKI2;939
YLR399C;BDF1;901
YLR401C;DUS3;940
YLR403W;SFP1;NA
YLR404W;SEI1;934
YLR405W;DUS4;770
YLR406C;RPL31B;906
YLR407W;YLR407W;934
YLR408C;BLS1;NA
YLR409C;UTP21;974
YLR410W;VIP1;934
YLR411W;CTR3;NA
YLR412W;BER1;NA
YLR413W;INA1;NA
YLR414C;PUN1;918
YLR417W;VPS36;963
YLR418C;CDC73;941
YLR419W;YLR419W;966
YLR420W;URA4;940
YLR421C;RPN13;941
YLR422W;DCK1;983
YLR423C;ATG17;NA
YLR424W;SPP382;NA
YLR425W;TUS1;935
YLR426W;TDA5;935
YLR427W;MAG2;930
YLR429W;CRN1;976
YLR431C;ATG23;766
YLR432W;IMD3;829
YLR433C;CNA1;989
YLR435W;TSR2;946
YLR436C;ECM30;967
YLR437C;DIF1;944
YLR438C-A;LSM3;NA
YLR438W;CAR2;931
YLR439W;MRPL4;960
YLR440C;SEC39;NA
YLR441C;RPS1A;979
YLR442C;SIR3;945
YLR443W;ECM7;960
YLR446W;YLR446W;NA
YLR447C;VMA6;920
YLR448W;RPL6B;948
YLR449W;FPR4;NA
YLR450W;HMG2;980
YLR451W;LEU3;976
YLR452C;SST2;885
YLR453C;RIF2;950
YLR454W;FMP27;963
YLR455W;PDP3;964
YLR457C;NBP1;NA
YLR459W;GAB1;987
YLR460C;YLR460C;NA
YML001W;YPT7;1053
YML003W;YML003W;963
YML004C;GLO1;925
YML005W;TRM12;NA
YML006C;GIS4;929
YML007W;YAP1;969
YML008C;ERG6;851
YML009C;MRPL39;944
YML010W;SPT5;929
YML011C;RAD33;951
YML012W;ERV25;974
YML013W;UBX2;924
YML014W;TRM9;929
YML015C;TAF11;NA
YML016C;PPZ1;903
YML017W;PSP2;926
YML018C;YML018C;957
YML019W;OST6;NA
YML020W;YML020W;NA
YML021C;UNG1;938
YML022W;APT1;915
YML023C;NSE5;992
YML024W;RPS17A;958
YML025C;YML6;938
YML026C;RPS18B;971
YML027W;YOX1;NA
YML028W;TSA1;919
YML029W;USA1;947
YML030W;RCF1;NA
YML031W;NDC1;935
YML032C;RAD52;972
YML034W;SRC1;983
YML035C;AMD1;945
YML036W;CGI121;975
YML037C;YML037C;NA
YML038C;YMD8;963
YML041C;VPS71;913
YML042W;CAT2;NA
YML043C;RRN11;936
YML046W;PRP39;914
YML048W;GSF2;927
YML049C;RSE1;970
YML050W;AIM32;NA
YML051W;GAL80;NA
YML052W;SUR7;959
YML053C;YML053C;939
YML054C;CYB2;NA
YML055W;SPC2;958
YML056C;IMD4;916
YML057W;CMP2;932
YML058W;SML1;923
YML058W-A;HUG1;NA
YML059C;NTE1;894
YML060W;OGG1;NA
YML061C;PIF1;NA
YML062C;MFT1;932
YML063W;RPS1B;940
YML064C;TEM1;887
YML065W;ORC1;942
YML067C;ERV41;932
YML068W;ITT1;935
YML069W;POB3;935
YML070W;DAK1;929
YML071C;COG8;873
YML072C;TCB3;947
YML073C;RPL6A;951
YML074C;FPR3;903
YML075C;HMG1;907
YML076C;WAR1;904
YML077W;BET5;934
YML078W;CPR3;NA
YML079W;YML079W;908
YML080W;DUS1;981
YML081C-A;ATP18;941
YML081W;TDA9;943
YML082W;YML082W;975
YML083C;YML083C;NA
YML085C;TUB1;933
YML086C;ALO1;933
YML087C;AIM33;822
YML088W;UFO1;939
YML091C;RPM2;1458
YML092C;PRE8;1011
YML093W;UTP14;936
YML096W;YML096W;NA
YML097C;VPS9;NA
YML098W;TAF13;944
YML099C;ARG81;1051
YML100W;TSL1;958
YML101C;CUE4;1003
YML102W;CAC2;972
YML103C;NUP188;986
YML104C;MDM1;939
YML105C;SEC65;NA
YML106W;URA5;925
YML107C;PML39;961
YML108W;YML108W;914
YML109W;ZDS2;NA
YML110C;COQ5;937
YML111W;BUL2;998
YML112W;CTK3;943
YML113W;DAT1;962
YML114C;TAF8;939
YML115C;VAN1;929
YML116W;ATR1;921
YML117W;NAB6;913
YML118W;NGL3;NA
YML119W;YML119W;911
YML120C;NDI1;929
YML121W;GTR1;914
YML123C;PHO84;1498
YML124C;TUB3;959
YML125C;PGA3;932
YML126C;ERG13;928
YML127W;RSC9;942
YML128C;MSC1;927
YML129C;COX14;920
YML130C;ERO1;914
YML131W;YML131W;915
YMR001C;CDC5;884
YMR002W;MIX17;941
YMR003W;AIM34;938
YMR004W;MVP1;919
YMR005W;TAF4;987
YMR006C;PLB2;NA
YMR008C;PLB1;NA
YMR009W;ADI1;935
YMR010W;ANY1;938
YMR011W;HXT2;913
YMR012W;CLU1;935
YMR013C;SEC59;953
YMR014W;BUD22;977
YMR015C;ERG5;909
YMR016C;SOK2;NA
YMR018W;PEX9;NA
YMR019W;STB4;922
YMR020W;FMS1;NA
YMR021C;MAC1;943
YMR022W;UBC7;979
YMR023C;MSS1;NA
YMR024W;MRPL3;953
YMR025W;CSI1;NA
YMR026C;PEX12;985
YMR027W;YMR027W;915
YMR028W;TAP42;NA
YMR029C;FAR8;937
YMR030W;RSF1;NA
YMR031C;EIS1;934
YMR032W;HOF1;1027
YMR033W;ARP9;944
YMR034C;RCH1;NA
YMR035W;IMP2;934
YMR036C;MIH1;919
YMR037C;MSN2;NA
YMR038C;CCS1;937
YMR039C;SUB1;760
YMR040W;YET2;NA
YMR041C;ARA2;NA
YMR042W;ARG80;982
YMR043W;MCM1;923
YMR044W;IOC4;934
YMR047C;NUP116;932
YMR048W;CSM3;986
YMR049C;ERB1;954
YMR052W;FAR3;NA
YMR053C;STB2;983
YMR054W;STV1;950
YMR055C;BUB2;NA
YMR056C;AAC1;NA
YMR058W;FET3;937
YMR059W;SEN15;973
YMR060C;SAM37;940
YMR061W;RNA14;986
YMR062C;ARG7;938
YMR063W;RIM9;955
YMR064W;AEP1;950
YMR067C;UBX4;935
YMR068W;AVO2;NA
YMR069W;NAT4;755
YMR070W;MOT3;926
YMR071C;TVP18;954
YMR072W;ABF2;1014
YMR073C;IRC21;752
YMR074C;SDD2;908
YMR075W;RCO1;943
YMR076C;PDS5;938
YMR077C;VPS20;1001
YMR078C;CTF18;934
YMR079W;SEC14;933
YMR080C;NAM7;922
YMR081C;ISF1;NA
YMR083W;ADH3;890
YMR086W;SEG1;NA
YMR087W;YMR087W;NA
YMR088C;VBA1;867
YMR089C;YTA12;916
YMR090W;YMR090W;NA
YMR091C;NPL6;NA
YMR092C;AIP1;941
YMR093W;UTP15;956
YMR094W;CTF13;883
YMR096W;SNZ1;NA
YMR097C;MTG1;NA
YMR098C;ATP25;952
YMR099C;YMR099C;NA
YMR100W;MUB1;NA
YMR104C;YPK2;NA
YMR105C;PGM2;NA
YMR107W;SPG4;NA
YMR108W;ILV2;912
YMR109W;MYO5;960
YMR110C;HFD1;941
YMR112C;MED11;1027
YMR113W;FOL3;936
YMR114C;YMR114C;NA
YMR115W;MGR3;947
YMR116C;ASC1;918
YMR117C;SPC24;968
YMR118C;SHH3;NA
YMR120C;ADE17;927
YMR121C;RPL15B;NA
YMR122W-A;NCW1;922
YMR123W;PKR1;928
YMR125W;STO1;982
YMR126C;DLT1;975
YMR127C;SAS2;922
YMR128W;ECM16;986
YMR129W;POM152;940
YMR130W;DPI35;983
YMR131C;RRB1;901
YMR132C;JLP2;933
YMR134W;ERG29;938
YMR135C;GID8;1001
YMR136W;GAT2;NA
YMR137C;PSO2;977
YMR138W;CIN4;NA
YMR139W;RIM11;970
YMR140W;SIP5;926
YMR142C;RPL13B;928
YMR143W;RPS16A;937
YMR144W;FDO1;977
YMR145C;NDE1;923
YMR146C;TIF34;926
YMR147W;LDO45;NA
YMR148W;LDO16;NA
YMR149W;SWP1;973
YMR150C;IMP1;956
YMR152W;YIM1;884
YMR153W;NUP53;937
YMR154C;RIM13;935
YMR155W;YMR155W;NA
YMR156C;TPP1;NA
YMR157C;AIM36;NA
YMR158W;MRPS8;983
YMR159C;ATG16;961
YMR160W;YMR160W;NA
YMR161W;HLJ1;934
YMR162C;DNF3;943
YMR163C;INP2;935
YMR164C;MSS11;948
YMR165C;PAH1;958
YMR166C;MME1;984
YMR167W;MLH1;979
YMR168C;CEP3;1017
YMR169C;ALD3;NA
YMR170C;ALD2;NA
YMR171C;EAR1;913
YMR172W;HOT1;918
YMR173W;DDR48;858
YMR174C;PAI3;NA
YMR175W;SIP18;NA
YMR176W;ECM5;952
YMR177W;MMT1;960
YMR178W;YMR178W;946
YMR179W;SPT21;NA
YMR180C;CTL1;NA
YMR181C;YMR181C;917
YMR182C;RGM1;987
YMR183C;SSO2;948
YMR184W;ADD37;974
YMR185W;RTP1;969
YMR186W;HSC82;884
YMR187C;YMR187C;NA
YMR188C;MRPS17;987
YMR189W;GCV2;930
YMR190C;SGS1;954
YMR191W;SPG5;907
YMR192W;GYL1;965
YMR193W;MRPL24;NA
YMR194C-B;CMC4;NA
YMR194W;RPL36A;985
YMR195W;ICY1;889
YMR196W;YMR196W;NA
YMR197C;VTI1;933
YMR198W;CIK1;951
YMR199W;CLN1;915
YMR200W;ROT1;928
YMR201C;RAD14;984
YMR202W;ERG2;930
YMR203W;TOM40;938
YMR205C;PFK2;849
YMR206W;YMR206W;NA
YMR207C;HFA1;NA
YMR208W;ERG12;917
YMR209C;YMR209C;NA
YMR210W;MGL2;951
YMR211W;DML1;NA
YMR212C;EFR3;988
YMR213W;CEF1;999
YMR215W;GAS3;931
YMR216C;SKY1;975
YMR217W;GUA1;919
YMR218C;TRS130;NA
YMR219W;ESC1;NA
YMR220W;ERG8;935
YMR221C;FMP42;959
YMR222C;FSH2;968
YMR223W;UBP8;985
YMR224C;MRE11;895
YMR225C;MRPL44;938
YMR226C;YMR226C;923
YMR227C;TAF7;962
YMR228W;MTF1;944
YMR229C;RRP5;964
YMR230W;RPS10B;975
YMR231W;PEP5;959
YMR233W;TRI1;965
YMR234W;RNH1;973
YMR235C;RNA1;975
YMR236W;TAF9;967
YMR237W;BCH1;NA
YMR238W;DFG5;963
YMR239C;RNT1;NA
YMR240C;CUS1;752
YMR241W;YHM2;851
YMR242C;RPL20A;1063
YMR243C;ZRC1;1012
YMR244C-A;COA6;710
YMR244W;YMR244W;NA
YMR246W;FAA4;627
YMR250W;GAD1;815
YMR251W-A;HOR7;918
YMR252C;MLO1;NA
YMR253C;YMR253C;958
YMR255W;GFD1;937
YMR256C;COX7;936
YMR257C;PET111;938
YMR258C;ROY1;943
YMR259C;TRM732;960
YMR260C;TIF11;969
YMR261C;TPS3;1036
YMR262W;YMR262W;968
YMR263W;SAP30;937
YMR264W;CUE1;928
YMR265C;YMR265C;921
YMR266W;RSN1;919
YMR268C;PRP24;NA
YMR269W;TMA23;931
YMR270C;RRN9;939
YMR271C;URA10;NA
YMR272C;SCS7;916
YMR273C;ZDS1;955
YMR274C;RCE1;NA
YMR275C;BUL1;NA
YMR276W;DSK2;929
YMR277W;FCP1;NA
YMR278W;PRM15;927
YMR280C;CAT8;NA
YMR281W;GPI12;922
YMR282C;AEP2;892
YMR283C;RIT1;NA
YMR284W;YKU70;964
YMR285C;NGL2;1001
YMR286W;MRPL33;NA
YMR287C;DSS1;906
YMR288W;HSH155;973
YMR289W;ABZ2;920
YMR290C;HAS1;979
YMR291W;TDA1;956
YMR292W;GOT1;940
YMR293C;HER2;NA
YMR294W;JNM1;921
YMR295C;YMR295C;930
YMR296C;LCB1;970
YMR297W;PRC1;NA
YMR298W;LIP1;938
YMR299C;DYN3;NA
YMR300C;ADE4;884
YMR301C;ATM1;NA
YMR302C;YME2;916
YMR303C;ADH2;NA
YMR304W;UBP15;988
YMR305C;SCW10;892
YMR307W;GAS1;937
YMR308C;PSE1;932
YMR309C;NIP1;952
YMR310C;YMR310C;921
YMR311C;GLC8;925
YMR312W;ELP6;953
YMR313C;TGL3;937
YMR314W;PRE5;929
YMR315W;YMR315W;920
YMR316W;DIA1;933
YMR318C;ADH6;868
YMR319C;FET4;914
YNL001W;DOM34;959
YNL002C;RLP7;912
YNL003C;PET8;893
YNL004W;HRB1;NA
YNL005C;MRP7;889
YNL006W;LST8;924
YNL007C;SIS1;878
YNL008C;ASI3;916
YNL009W;IDP3;767
YNL010W;YNL010W;926
YNL011C;YNL011C;932
YNL014W;HEF3;1242
YNL015W;PBI2;944
YNL016W;PUB1;NA
YNL020C;ARK1;920
YNL021W;HDA1;917
YNL022C;RCM1;931
YNL023C;FAP1;952
YNL024C;EFM6;916
YNL024C-A;KSH1;982
YNL025C;SSN8;960
YNL026W;SAM50;955
YNL027W;CRZ1;975
YNL029C;KTR5;950
YNL030W;HHF2;899
YNL031C;HHT2;898
YNL032W;SIW14;934
YNL035C;YNL035C;1017
YNL036W;NCE103;914
YNL037C;IDH1;837
YNL038W;GPI15;970
YNL039W;BDP1;995
YNL040W;YNL040W;956
YNL041C;COG6;859
YNL042W;BOP3;909
YNL044W;YIP3;956
YNL045W;LAP2;NA
YNL046W;YNL046W;920
YNL047C;SLM2;952
YNL048W;ALG11;928
YNL049C;SFB2;904
YNL051W;COG5;953
YNL052W;COX5A;945
YNL053W;MSG5;917
YNL054W;VAC7;986
YNL055C;POR1;896
YNL056W;OCA2;973
YNL058C;YNL058C;980
YNL059C;ARP5;927
YNL061W;NOP2;963
YNL063W;MTQ1;806
YNL064C;YDJ1;927
YNL065W;AQR1;988
YNL066W;SUN4;NA
YNL067W;RPL9B;896
YNL069C;RPL16B;958
YNL070W;TOM7;932
YNL071W;LAT1;935
YNL072W;RNH201;941
YNL073W;MSK1;911
YNL074C;MLF3;954
YNL075W;IMP4;900
YNL076W;MKS1;937
YNL078W;NIS1;927
YNL079C;TPM1;964
YNL080C;EOS1;968
YNL081C;SWS2;NA
YNL082W;PMS1;975
YNL083W;SAL1;NA
YNL084C;END3;872
YNL085W;MKT1;976
YNL086W;SNN1;947
YNL087W;TCB2;962
YNL088W;TOP2;732
YNL090W;RHO2;958
YNL091W;NST1;986
YNL092W;YNL092W;NA
YNL093W;YPT53;NA
YNL094W;APP1;918
YNL095C;YNL095C;985
YNL096C;RPS7B;982
YNL097C;PHO23;NA
YNL098C;RAS2;788
YNL099C;OCA1;927
YNL100W;MIC27;943
YNL101W;AVT4;957
YNL102W;POL1;936
YNL103W;MET4;943
YNL104C;LEU4;861
YNL106C;INP52;781
YNL107W;YAF9;NA
YNL108C;YNL108C;928
YNL110C;NOP15;876
YNL111C;CYB5;863
YNL112W;DBP2;923
YNL113W;RPC19;973
YNL115C;YNL115C;918
YNL116W;DMA2;974
YNL117W;MLS1;NA
YNL118C;DCP2;1003
YNL119W;NCS2;933
YNL121C;TOM70;981
YNL122C;YNL122C;953
YNL123W;NMA111;924
YNL124W;NAF1;NA
YNL125C;ESBP6;946
YNL126W;SPC98;979
YNL127W;FAR11;964
YNL129W;NRK1;1043
YNL130C;CPT1;931
YNL131W;TOM22;1019
YNL132W;KRE33;1011
YNL133C;FYV6;NA
YNL134C;YNL134C;913
YNL135C;FPR1;931
YNL136W;EAF7;938
YNL137C;NAM9;951
YNL138W;SRV2;905
YNL139C;THO2;928
YNL141W;AAH1;900
YNL142W;MEP2;745
YNL144C;YNL144C;NA
YNL145W;MFA2;918
YNL147W;LSM7;1014
YNL148C;ALF1;969
YNL149C;PGA2;939
YNL151C;RPC31;977
YNL152W;INN1;925
YNL153C;GIM3;NA
YNL154C;YCK2;NA
YNL155W;CUZ1;941
YNL156C;NSG2;927
YNL157W;IGO1;937
YNL158W;PGA1;939
YNL159C;ASI2;956
YNL160W;YGP1;891
YNL161W;CBK1;956
YNL162W;RPL42A;965
YNL163C;RIA1;950
YNL164C;IBD2;986
YNL165W;YNL165W;1012
YNL166C;BNI5;900
YNL167C;SKO1;1008
YNL168C;FMP41;825
YNL169C;PSD1;915
YNL172W;APC1;917
YNL173C;MDG1;922
YNL175C;NOP13;947
YNL176C;TDA7;942
YNL177C;MRPL22;928
YNL178W;RPS3;945
YNL180C;RHO5;941
YNL181W;PBR1;925
YNL182C;IPI3;930
YNL183C;NPR1;NA
YNL185C;MRPL19;NA
YNL186W;UBP10;943
YNL187W;SWT21;950
YNL188W;KAR1;996
YNL189W;SRP1;NA
YNL190W;YNL190W;809
YNL191W;DUG3;917
YNL192W;CHS1;922
YNL193W;YNL193W;954
YNL194C;YNL194C;NA
YNL197C;WHI3;949
YNL199C;GCR2;1002
YNL200C;NNR1;NA
YNL201C;PSY2;985
YNL202W;SPS19;NA
YNL206C;RTT106;1105
YNL207W;RIO2;940
YNL208W;YNL208W;931
YNL209W;SSB2;943
YNL212W;VID27;900
YNL213C;RRG9;924
YNL214W;PEX17;NA
YNL215W;IES2;949
YNL216W;RAP1;940
YNL217W;PPN2;929
YNL218W;MGS1;943
YNL219C;ALG9;974
YNL220W;ADE12;983
YNL221C;POP1;942
YNL222W;SSU72;947
YNL223W;ATG4;931
YNL224C;SQS1;NA
YNL225C;CNM67;NA
YNL227C;JJJ1;926
YNL229C;URE2;1007
YNL231C;PDR16;878
YNL232W;CSL4;884
YNL233W;BNI4;932
YNL234W;YNL234W;NA
YNL236W;SIN4;898
YNL237W;YTP1;NA
YNL238W;KEX2;953
YNL239W;LAP3;911
YNL240C;NAR1;937
YNL241C;ZWF1;NA
YNL242W;ATG2;NA
YNL243W;SLA2;969
YNL244C;SUI1;895
YNL246W;VPS75;939
YNL247W;YNL247W;987
YNL248C;RPA49;925
YNL249C;MPA43;981
YNL250W;RAD50;943
YNL251C;NRD1;887
YNL252C;MRPL17;908
YNL253W;TEX1;932
YNL254C;RTC4;927
YNL255C;GIS2;927
YNL256W;FOL1;939
YNL257C;SIP3;NA
YNL258C;DSL1;947
YNL259C;ATX1;968
YNL260C;LTO1;895
YNL261W;ORC5;884
YNL262W;POL2;944
YNL263C;YIF1;985
YNL264C;PDR17;957
YNL265C;IST1;939
YNL267W;PIK1;NA
YNL268W;LYP1;926
YNL269W;BSC4;NA
YNL270C;ALP1;761
YNL271C;BNI1;954
YNL272C;SEC2;916
YNL273W;TOF1;NA
YNL274C;GOR1;NA
YNL275W;BOR1;NA
YNL277W;MET2;886
YNL278W;CAF120;938
YNL279W;PRM1;NA
YNL280C;ERG24;875
YNL281W;HCH1;913
YNL282W;POP3;915
YNL283C;WSC2;876
YNL284C;MRPL10;939
YNL286W;CUS2;NA
YNL287W;SEC21;932
YNL288W;CAF40;955
YNL289W;PCL1;919
YNL290W;RFC3;988
YNL291C;MID1;NA
YNL292W;PUS4;935
YNL293W;MSB3;NA
YNL294C;RIM21;949
YNL297C;MON2;947
YNL298W;CLA4;1009
YNL299W;TRF5;934
YNL300W;TOS6;910
YNL301C;RPL18B;925
YNL302C;RPS19B;967
YNL304W;YPT11;951
YNL305C;BXI1;917
YNL306W;MRPS18;953
YNL307C;MCK1;906
YNL308C;KRI1;944
YNL309W;STB1;970
YNL310C;ZIM17;1012
YNL311C;SKP2;932
YNL312W;RFA2;958
YNL313C;EMW1;903
YNL314W;DAL82;NA
YNL315C;ATP11;983
YNL316C;PHA2;NA
YNL317W;PFS2;934
YNL320W;YNL320W;950
YNL321W;VNX1;943
YNL322C;KRE1;962
YNL323W;LEM3;NA
YNL325C;FIG4;NA
YNL326C;PFA3;959
YNL327W;EGT2;905
YNL328C;MDJ2;937
YNL329C;PEX6;963
YNL330C;RPD3;946
YNL331C;AAD14;NA
YNR001C;CIT1;896
YNR002C;ATO2;NA
YNR003C;RPC34;932
YNR004W;SWM2;NA
YNR006W;VPS27;941
YNR007C;ATG3;NA
YNR008W;LRO1;NA
YNR009W;NRM1;959
YNR010W;CSE2;NA
YNR011C;PRP2;939
YNR012W;URK1;961
YNR013C;PHO91;899
YNR014W;YNR014W;938
YNR015W;SMM1;944
YNR016C;ACC1;1202
YNR017W;TIM23;948
YNR018W;RCF2;944
YNR019W;ARE2;936
YNR020C;ATP23;948
YNR021W;YNR021W;941
YNR022C;MRPL50;976
YNR023W;SNF12;975
YNR024W;MPP6;944
YNR026C;SEC12;988
YNR027W;BUD17;928
YNR028W;CPR8;NA
YNR029C;YNR029C;932
YNR030W;ALG12;909
YNR031C;SSK2;NA
YNR032C-A;HUB1;NA
YNR032W;PPG1;973
YNR033W;ABZ1;931
YNR034W;SOL1;972
YNR034W-A;EGO4;NA
YNR035C;ARC35;942
YNR036C;MRPS12;939
YNR037C;RSM19;900
YNR038W;DBP6;932
YNR039C;ZRG17;952
YNR040W;DPI29;NA
YNR041C;COQ2;984
YNR043W;MVD1;939
YNR044W;AGA1;NA
YNR045W;PET494;955
YNR046W;TRM112;920
YNR047W;FPK1;981
YNR048W;YNR048W;NA
YNR049C;MSO1;1004
YNR050C;LYS9;928
YNR052C;POP2;939
YNR053C;NOG2;935
YNR054C;ESF2;968
YNR055C;HOL1;926
YNR056C;BIO5;NA
YNR057C;BIO4;NA
YNR059W;MNT4;942
YNR061C;YNR061C;1000
YNR063W;YNR063W;NA
YNR066C;YNR066C;NA
YNR067C;DSE4;919
YNR069C;BSC5;626
YNR075W;COS10;937
YOL002C;IZH2;918
YOL003C;PFA4;906
YOL004W;SIN3;899
YOL005C;RPB11;945
YOL006C;TOP1;971
YOL007C;CSI2;935
YOL008W;COQ10;NA
YOL009C;MDM12;NA
YOL010W;RCL1;986
YOL011W;PLB3;918
YOL012C;HTZ1;956
YOL013C;HRD1;928
YOL015W;IRC10;NA
YOL016C;CMK2;912
YOL017W;ESC8;922
YOL018C;TLG2;967
YOL019W;YOL019W;920
YOL020W;TAT2;986
YOL021C;DIS3;973
YOL022C;TSR4;NA
YOL023W;IFM1;908
YOL025W;LAG2;959
YOL026C;MIM1;956
YOL027C;MDM38;894
YOL028C;YAP7;955
YOL030W;GAS5;927
YOL031C;SIL1;999
YOL032W;OPI10;928
YOL033W;MSE1;974
YOL034W;SMC5;NA
YOL036W;YOL036W;924
YOL038W;PRE6;950
YOL039W;RPP2A;943
YOL040C;RPS15;987
YOL041C;NOP12;952
YOL042W;NGL1;NA
YOL043C;NTG2;NA
YOL044W;PEX15;933
YOL045W;PSK2;943
YOL048C;RRT8;870
YOL049W;GSH2;937
YOL051W;GAL11;983
YOL052C;SPE2;803
YOL052C-A;DDR2;NA
YOL053W;AIM39;NA
YOL054W;PSH1;913
YOL055C;THI20;NA
YOL056W;GPM3;973
YOL057W;YOL057W;965
YOL058W;ARG1;918
YOL059W;GPD2;897
YOL060C;MAM3;982
YOL061W;PRS5;953
YOL062C;APM4;973
YOL063C;CRT10;975
YOL064C;MET22;932
YOL065C;INP54;922
YOL066C;RIB2;NA
YOL067C;RTG1;939
YOL068C;HST1;934
YOL070C;NBA1;NA
YOL071W;SDH5;921
YOL072W;THP1;913
YOL073C;DSC2;NA
YOL075C;YOL075C;877
YOL076W;MDM20;981
YOL077C;BRX1;937
YOL077W-A;ATP19;929
YOL078W;AVO1;970
YOL080C;REX4;NA
YOL081W;IRA2;987
YOL082W;ATG19;NA
YOL083W;ATG34;NA
YOL084W;PHM7;NA
YOL086C;ADH1;907
YOL086W-A;MHF1;967
YOL087C;DUF1;939
YOL088C;MPD2;944
YOL089C;HAL9;918
YOL090W;MSH2;950
YOL092W;YPQ1;971
YOL093W;TRM10;NA
YOL094C;RFC4;963
YOL095C;HMI1;942
YOL096C;COQ3;973
YOL097C;WRS1;998
YOL098C;SDD3;974
YOL100W;PKH2;865
YOL101C;IZH4;931
YOL102C;TPT1;1029
YOL103W;ITR2;891
YOL105C;WSC3;NA
YOL107W;YOL107W;NA
YOL108C;INO4;982
YOL109W;ZEO1;873
YOL110W;SHR5;1066
YOL111C;MDY2;920
YOL112W;MSB4;934
YOL113W;SKM1;936
YOL114C;PTH4;931
YOL116W;MSN1;942
YOL117W;RRI2;816
YOL119C;MCH4;937
YOL120C;RPL18A;932
YOL121C;RPS19A;974
YOL122C;SMF1;NA
YOL123W;HRP1;NA
YOL124C;TRM11;924
YOL125W;TRM13;1018
YOL126C;MDH2;891
YOL127W;RPL25;963
YOL128C;YGK3;1034
YOL129W;VPS68;934
YOL130W;ALR1;879
YOL131W;YOL131W;NA
YOL133W;HRT1;NA
YOL135C;MED7;1004
YOL136C;PFK27;936
YOL137W;BSC6;NA
YOL138C;RTC1;961
YOL139C;CDC33;984
YOL140W;ARG8;1050
YOL142W;RRP40;937
YOL143C;RIB4;938
YOL144W;NOP8;NA
YOL145C;CTR9;959
YOL146W;PSF3;986
YOL147C;PEX11;933
YOL148C;SPT20;962
YOL149W;DCP1;892
YOL151W;GRE2;921
YOL152W;FRE7;901
YOL154W;ZPS1;NA
YOL155C;HPF1;911
YOL158C;ENB1;1048
YOL159C;CSS3;NA
YOL159C-A;YOL159C-A;1011
YOL164W;BDS1;NA
YOR001W;RRP6;NA
YOR002W;ALG6;949
YOR003W;YSP3;NA
YOR004W;UTP23;968
YOR005C;DNL4;NA
YOR006C;TSR3;983
YOR007C;SGT2;912
YOR008C;SLG1;912
YOR009W;TIR4;NA
YOR010C;TIR2;635
YOR011W;AUS1;1024
YOR012W;YOR012W;NA
YOR014W;RTS1;NA
YOR016C;ERP4;931
YOR018W;ROD1;944
YOR019W;YOR019W;NA
YOR020C;HSP10;919
YOR020W-A;MCO10;956
YOR021C;SFM1;924
YOR022C;DDL1;973
YOR023C;AHC1;983
YOR025W;HST3;NA
YOR026W;BUB3;830
YOR027W;STI1;931
YOR028C;CIN5;NA
YOR030W;DFG16;NA
YOR032C;HMS1;NA
YOR033C;EXO1;983
YOR034C;AKR2;999
YOR035C;SHE4;970
YOR036W;PEP12;946
YOR037W;CYC2;937
YOR038C;HIR2;975
YOR039W;CKB2;940
YOR040W;GLO4;NA
YOR042W;CUE5;986
YOR043W;WHI2;905
YOR044W;IRC23;933
YOR045W;TOM6;951
YOR046C;DBP5;941
YOR047C;STD1;923
YOR048C;RAT1;919
YOR051C;ETT1;915
YOR052C;TMC1;906
YOR054C;VHS3;931
YOR056C;NOB1;942
YOR057W;SGT1;897
YOR058C;ASE1;947
YOR059C;LPL1;916
YOR060C;SLD7;940
YOR061W;CKA2;945
YOR062C;YOR062C;NA
YOR063W;RPL3;909
YOR064C;YNG1;872
YOR065W;CYT1;831
YOR066W;MSA1;916
YOR067C;ALG8;NA
YOR069W;VPS5;948
YOR070C;GYP1;961
YOR071C;NRT1;NA
YOR073W;SGO1;1026
YOR074C;CDC21;977
YOR075W;UFE1;958
YOR076C;SKI7;945
YOR077W;RTS2;944
YOR078W;BUD21;NA
YOR079C;ATX2;942
YOR080W;DIA2;NA
YOR081C;TGL5;NA
YOR083W;WHI5;949
YOR084W;LPX1;NA
YOR085W;OST3;953
YOR086C;TCB1;926
YOR087W;YVC1;939
YOR089C;VPS21;986
YOR090C;PTC5;940
YOR091W;TMA46;975
YOR092W;ECM3;NA
YOR093C;CMR2;917
YOR094W;ARF3;935
YOR095C;RKI1;898
YOR096W;RPS7A;975
YOR097C;YOR097C;NA
YOR098C;NUP1;937
YOR099W;KTR1;884
YOR100C;CRC1;NA
YOR101W;RAS1;898
YOR103C;OST2;875
YOR104W;PIN2;923
YOR106W;VAM3;950
YOR107W;RGS2;920
YOR108W;LEU9;966
YOR109W;INP53;NA
YOR110W;TFC7;941
YOR111W;YOR111W;NA
YOR112W;CEX1;NA
YOR113W;AZF1;971
YOR114W;DPI34;NA
YOR115C;TRS33;946
YOR116C;RPO31;928
YOR117W;RPT5;915
YOR118W;RTC5;932
YOR119C;RIO1;967
YOR120W;GCY1;NA
YOR122C;PFY1;929
YOR123C;LEO1;909
YOR124C;UBP2;975
YOR125C;CAT5;NA
YOR126C;IAH1;1022
YOR127W;RGA1;943
YOR128C;ADE2;938
YOR129C;AFI1;983
YOR130C;ORT1;1003
YOR131C;YOR131C;950
YOR132W;VPS17;932
YOR133W;EFT1;947
YOR134W;BAG7;NA
YOR136W;IDH2;843
YOR138C;RUP1;913
YOR140W;SFL1;920
YOR141C;ARP8;985
YOR142W;LSC1;914
YOR143C;THI80;967
YOR144C;ELG1;939
YOR145C;PNO1;934
YOR147W;MDM32;969
YOR148C;SPP2;923
YOR149C;SMP3;936
YOR150W;MRPL23;938
YOR151C;RPB2;940
YOR152C;ATG40;NA
YOR153W;PDR5;935
YOR154W;SLP1;927
YOR155C;ISN1;935
YOR156C;NFI1;NA
YOR157C;PUP1;926
YOR158W;PET123;954
YOR159C;SME1;950
YOR160W;MTR10;979
YOR161C;PNS1;NA
YOR162C;YRR1;1039
YOR163W;DDP1;930
YOR164C;GET4;NA
YOR165W;SEY1;981
YOR166C;SWT1;886
YOR167C;RPS28A;909
YOR168W;GLN4;934
YOR171C;LCB4;935
YOR172W;YRM1;988
YOR173W;DCS2;NA
YOR174W;MED4;959
YOR175C;ALE1;944
YOR176W;HEM15;987
YOR177C;MPC54;NA
YOR178C;GAC1;NA
YOR179C;SYC1;960
YOR180C;DCI1;NA
YOR181W;LAS17;NA
YOR182C;RPS30B;995
YOR184W;SER1;NA
YOR185C;GSP2;857
YOR187W;TUF1;838
YOR188W;MSB1;943
YOR189W;IES4;949
YOR191W;ULS1;953
YOR193W;PEX27;966
YOR194C;TOA1;954
YOR195W;SLK19;941
YOR196C;LIP5;936
YOR197W;MCA1;973
YOR198C;BFR1;930
YOR201C;MRM1;940
YOR202W;HIS3;952
YOR204W;DED1;926
YOR205C;GEP3;943
YOR206W;NOC2;950
YOR207C;RET1;943
YOR208W;PTP2;957
YOR209C;NPT1;940
YOR210W;RPB10;912
YOR211C;MGM1;948
YOR212W;STE4;911
YOR213C;SAS5;976
YOR215C;AIM41;877
YOR216C;RUD3;NA
YOR217W;RFC1;930
YOR220W;RCN2;NA
YOR221C;MCT1;967
YOR222W;ODC2;483
YOR223W;DSC3;848
YOR224C;RPB8;985
YOR226C;ISU2;931
YOR227W;HER1;914
YOR228C;MCP1;961
YOR229W;WTM2;918
YOR230W;WTM1;911
YOR231W;MKK1;936
YOR232W;MGE1;971
YOR233W;KIN4;962
YOR234C;RPL33B;948
YOR235W;IRC13;NA
YOR236W;DFR1;974
YOR237W;HES1;NA
YOR238W;YOR238W;NA
YOR239W;ABP140;NA
YOR241W;MET7;NA
YOR243C;PUS7;939
YOR244W;ESA1;964
YOR245C;DGA1;981
YOR246C;ENV9;913
YOR247W;SRL1;864
YOR249C;APC5;NA
YOR250C;CLP1;1000
YOR251C;TUM1;977
YOR252W;TMA16;971
YOR253W;NAT5;908
YOR254C;SEC63;927
YOR256C;TRE2;963
YOR257W;CDC31;NA
YOR258W;HNT3;NA
YOR259C;RPT4;1011
YOR260W;GCD1;950
YOR261C;RPN8;991
YOR262W;GPN2;908
YOR264W;DSE3;919
YOR265W;RBL2;935
YOR266W;PNT1;920
YOR267C;HRK1;926
YOR269W;PAC1;946
YOR270C;VPH1;938
YOR271C;FSF1;NA
YOR272W;YTM1;951
YOR273C;TPO4;1443
YOR274W;MOD5;945
YOR275C;RIM20;940
YOR276W;CAF20;954
YOR278W;HEM4;980
YOR279C;RFM1;931
YOR280C;FSH3;NA
YOR281C;PLP2;NA
YOR283W;YOR283W;886
YOR284W;HUA2;926
YOR285W;RDL1;923
YOR286W;RDL2;928
YOR287C;RRP36;960
YOR288C;MPD1;NA
YOR289W;YOR289W;913
YOR290C;SNF2;915
YOR291W;YPK9;922
YOR292C;YOR292C;870
YOR293W;RPS10A;958
YOR294W;RRS1;903
YOR295W;UAF30;NA
YOR296W;YOR296W;965
YOR297C;TIM18;933
YOR298C-A;MBF1;917
YOR299W;BUD7;912
YOR301W;RAX1;967
YOR303W;CPA1;NA
YOR304C-A;BIL1;NA
YOR304W;ISW2;NA
YOR305W;RRG7;NA
YOR307C;SLY41;NA
YOR308C;SNU66;928
YOR310C;NOP58;961
YOR311C;DGK1;945
YOR312C;RPL20B;966
YOR313C;SPS4;NA
YOR315W;SFG1;889
YOR316C;COT1;NA
YOR317W;FAA1;NA
YOR319W;HSH49;873
YOR320C;GNT1;925
YOR321W;PMT3;NA
YOR322C;LDB19;906
YOR323C;PRO2;974
YOR324C;FRT1;981
YOR326W;MYO2;NA
YOR327C;SNC2;989
YOR328W;PDR10;NA
YOR329C;SCD5;944
YOR330C;MIP1;979
YOR332W;VMA4;929
YOR334W;MRS2;1050
YOR335C;ALA1;941
YOR336W;KRE5;947
YOR337W;TEA1;930
YOR338W;YOR338W;NA
YOR340C;RPA43;976
YOR341W;RPA190;890
YOR342C;YOR342C;NA
YOR344C;TYE7;812
YOR346W;REV1;982
YOR347C;PYK2;NA
YOR348C;PUT4;NA
YOR350C;MNE1;935
YOR352W;TFB6;945
YOR353C;SOG2;941
YOR354C;MSC6;959
YOR355W;GDS1;NA
YOR356W;CIR2;NA
YOR357C;SNX3;963
YOR358W;HAP5;896
YOR359W;VTS1;853
YOR360C;PDE2;939
YOR361C;PRT1;960
YOR362C;PRE10;923
YOR363C;PIP2;701
YOR367W;SCP1;NA
YOR368W;RAD17;NA
YOR369C;RPS12;918
YOR370C;MRS6;913
YOR371C;GPB1;835
YOR372C;NDD1;947
YOR373W;NUD1;967
YOR374W;ALD4;914
YOR375C;GDH1;918
YOR377W;ATF1;983
YOR380W;RDR1;NA
YOR382W;FIT2;635
YOR383C;FIT3;940
YOR384W;FRE5;NA
YOR385W;YOR385W;972
YOR386W;PHR1;NA
YOR388C;FDH1;NA
YOR389W;YOR389W;NA
YOR390W;FEX1;947
YPL001W;HAT1;879
YPL002C;SNF8;939
YPL003W;ULA1;918
YPL004C;LSP1;936
YPL005W;AEP3;914
YPL006W;NCR1;900
YPL007C;TFC8;981
YPL008W;CHL1;957
YPL009C;RQC2;NA
YPL010W;RET3;964
YPL011C;TAF3;943
YPL012W;RRP12;938
YPL013C;MRPS16;953
YPL014W;CIP1;919
YPL015C;HST2;923
YPL017C;IRC15;NA
YPL018W;CTF19;943
YPL019C;VTC3;919
YPL020C;ULP1;NA
YPL022W;RAD1;924
YPL023C;MET12;990
YPL024W;RMI1;958
YPL026C;SKS1;937
YPL028W;ERG10;932
YPL029W;SUV3;972
YPL030W;TRM44;965
YPL031C;PHO85;972
YPL032C;SVL3;935
YPL034W;YPL034W;842
YPL036W;PMA2;NA
YPL037C;EGD1;1020
YPL038W;MET31;927
YPL039W;YPL039W;981
YPL040C;ISM1;959
YPL041C;MRX11;937
YPL042C;SSN3;951
YPL043W;NOP4;963
YPL045W;VPS16;959
YPL046C;ELC1;NA
YPL047W;SGF11;949
YPL048W;CAM1;870
YPL049C;DIG1;810
YPL050C;MNN9;966
YPL051W;ARL3;NA
YPL052W;OAZ1;NA
YPL053C;KTR6;920
YPL054W;LEE1;NA
YPL055C;LGE1;944
YPL057C;SUR1;816
YPL058C;PDR12;765
YPL059W;GRX5;923
YPL060W;MFM1;NA
YPL061W;ALD6;911
YPL063W;TIM50;967
YPL064C;CWC27;NA
YPL065W;VPS28;921
YPL066W;RGL1;1191
YPL067C;HTC1;931
YPL068C;YPL068C;988
YPL069C;BTS1;930
YPL070W;MUK1;932
YPL071C;YPL071C;NA
YPL072W;UBP16;886
YPL074W;YTA6;958
YPL075W;GCR1;1149
YPL076W;GPI2;937
YPL077C;YPL077C;NA
YPL078C;ATP4;927
YPL079W;RPL21B;953
YPL081W;RPS9A;920
YPL082C;MOT1;921
YPL083C;SEN54;NA
YPL084W;BRO1;967
YPL085W;SEC16;937
YPL086C;ELP3;958
YPL087W;YDC1;924
YPL088W;YPL088W;NA
YPL089C;RLM1;818
YPL090C;RPS6A;1020
YPL091W;GLR1;939
YPL092W;SSU1;929
YPL093W;NOG1;984
YPL094C;SEC62;965
YPL095C;EEB1;930
YPL096C-A;ERI1;1041
YPL096W;PNG1;964
YPL097W;MSY1;NA
YPL098C;MGR2;976
YPL099C;INA17;972
YPL100W;ATG21;934
YPL101W;ELP4;940
YPL103C;FMP30;NA
YPL104W;MSD1;1005
YPL105C;SYH1;NA
YPL106C;SSE1;910
YPL107W;DPC25;938
YPL108W;YPL108W;NA
YPL109C;MCO76;924
YPL111W;CAR1;909
YPL112C;PEX25;914
YPL113C;YPL113C;NA
YPL115C;BEM3;NA
YPL116W;HOS3;950
YPL117C;IDI1;891
YPL118W;MRP51;984
YPL119C;DBP1;NA
YPL120W;VPS30;913
YPL122C;TFB2;931
YPL123C;RNY1;NA
YPL124W;SPC29;NA
YPL125W;KAP120;902
YPL126W;NAN1;961
YPL127C;HHO1;930
YPL128C;TBF1;951
YPL129W;TAF14;983
YPL131W;RPL5;602
YPL132W;COX11;963
YPL133C;RDS2;985
YPL134C;ODC1;NA
YPL135W;ISU1;898
YPL137C;GIP3;642
YPL138C;SPP1;961
YPL139C;UME1;968
YPL140C;MKK2;981
YPL141C;FRK1;933
YPL143W;RPL33A;939
YPL144W;POC4;957
YPL145C;KES1;975
YPL147W;PXA1;NA
YPL148C;PPT2;930
YPL149W;ATG5;938
YPL151C;PRP46;854
YPL152W;RRD2;958
YPL154C;PEP4;938
YPL155C;KIP2;931
YPL156C;PRM4;899
YPL157W;TGS1;951
YPL158C;AIM44;937
YPL159C;PET20;947
YPL160W;CDC60;884
YPL161C;BEM4;NA
YPL162C;YPL162C;NA
YPL163C;SVS1;921
YPL164C;MLH3;988
YPL166W;ATG29;NA
YPL167C;REV3;931
YPL168W;MRX4;957
YPL169C;MEX67;931
YPL170W;DAP1;804
YPL171C;OYE3;NA
YPL172C;COX10;NA
YPL173W;MRPL40;894
YPL174C;NIP100;NA
YPL175W;SPT14;NA
YPL176C;TRE1;1013
YPL177C;CUP9;894
YPL178W;CBC2;958
YPL179W;PPQ1;942
YPL180W;TCO89;1036
YPL181W;CTI6;977
YPL183C;RTT10;908
YPL183W-A;RTC6;948
YPL186C;UIP4;NA
YPL187W;MF(ALPHA)1;NA
YPL188W;POS5;923
YPL190C;NAB3;968
YPL193W;RSA1;978
YPL194W;DDC1;924
YPL195W;APL5;939
YPL196W;OXR1;935
YPL198W;RPL7B;922
YPL199C;YPL199C;883
YPL200W;CSM4;NA
YPL201C;YIG1;NA
YPL202C;AFT2;953
YPL203W;TPK2;924
YPL204W;HRR25;955
YPL206C;PGC1;946
YPL207W;TYW1;921
YPL208W;RKM1;NA
YPL209C;IPL1;937
YPL210C;SRP72;945
YPL211W;NIP7;946
YPL212C;PUS1;942
YPL213W;LEA1;937
YPL214C;THI6;985
YPL215W;CBP3;969
YPL217C;BMS1;NA
YPL218W;SAR1;927
YPL219W;PCL8;NA
YPL220W;RPL1A;975
YPL221W;FLC1;922
YPL222W;FMP40;NA
YPL223C;GRE1;NA
YPL224C;MMT2;NA
YPL225W;YPL225W;978
YPL226W;NEW1;930
YPL227C;ALG5;940
YPL228W;CET1;965
YPL229W;YPL229W;901
YPL230W;USV1;NA
YPL231W;FAS2;917
YPL232W;SSO1;940
YPL233W;NSL1;951
YPL234C;VMA11;937
YPL235W;RVB2;958
YPL236C;ENV7;NA
YPL237W;SUI3;951
YPL239W;YAR1;917
YPL240C;HSP82;915
YPL242C;IQG1;934
YPL243W;SRP68;926
YPL244C;HUT1;1014
YPL245W;YPL245W;934
YPL246C;RBD2;944
YPL247C;YPL247C;NA
YPL248C;GAL4;NA
YPL249C;GYP5;989
YPL249C-A;RPL36B;950
YPL250C;ATG41;911
YPL252C;YAH1;955
YPL254W;HFI1;968
YPL255W;BBP1;NA
YPL256C;CLN2;917
YPL259C;APM1;956
YPL260W;CUB1;921
YPL262W;FUM1;1155
YPL263C;KEL3;954
YPL264C;YPL264C;NA
YPL265W;DIP5;917
YPL266W;DIM1;932
YPL267W;ACM1;NA
YPL268W;PLC1;933
YPL269W;KAR9;977
YPL270W;MDL2;942
YPL271W;ATP15;921
YPL272C;PBI1;NA
YPL273W;SAM4;1036
YPL274W;SAM3;914
YPL279C;FEX2;NA
YPR001W;CIT3;NA
YPR002W;PDH1;NA
YPR003C;YPR003C;941
YPR004C;AIM45;966
YPR005C;HAL1;NA
YPR006C;ICL2;NA
YPR008W;HAA1;937
YPR009W;SUT2;814
YPR010C;RPA135;902
YPR010C-A;MIN8;933
YPR011C;YPR011C;1007
YPR013C;CMR3;NA
YPR015C;YPR015C;889
YPR016C;TIF6;903
YPR017C;DSS4;953
YPR018W;RLF2;930
YPR019W;MCM4;1000
YPR020W;ATP20;928
YPR021C;AGC1;1032
YPR022C;SDD4;986
YPR023C;EAF3;965
YPR024W;YME1;1028
YPR025C;CCL1;935
YPR026W;ATH1;NA
YPR028W;YOP1;924
YPR029C;APL4;938
YPR030W;CSR2;NA
YPR031W;NTO1;923
YPR032W;SRO7;976
YPR033C;HTS1;920
YPR034W;ARP7;968
YPR035W;GLN1;906
YPR036W;VMA13;965
YPR036W-A;SPO24;917
YPR037C;ERV2;961
YPR040W;TIP41;916
YPR041W;TIF5;937
YPR042C;PUF2;921
YPR043W;RPL43A;941
YPR045C;THP3;944
YPR046W;MCM16;1043
YPR047W;MSF1;903
YPR048W;TAH18;926
YPR049C;ATG11;NA
YPR051W;MAK3;927
YPR052C;NHP6A;928
YPR055W;SEC8;971
YPR056W;TFB4;NA
YPR057W;BRR1;NA
YPR058W;YMC1;NA
YPR060C;ARO7;956
YPR061C;JID1;957
YPR062W;FCY1;1007
YPR063C;YPR063C;938
YPR065W;ROX1;877
YPR066W;UBA3;NA
YPR067W;ISA2;NA
YPR068C;HOS1;NA
YPR069C;SPE3;949
YPR070W;MED1;950
YPR071W;YPR071W;931
YPR072W;NOT5;944
YPR073C;LTP1;964
YPR074C;TKL1;848
YPR075C;OPY2;944
YPR079W;MRL1;962
YPR080W;TEF1;897
YPR081C;GRS2;NA
YPR082C;DIB1;966
YPR083W;MDM36;966
YPR084W;YPR084W;913
YPR085C;ASA1;NA
YPR086W;SUA7;939
YPR088C;SRP54;951
YPR089W;YPR089W;NA
YPR091C;NVJ2;950
YPR093C;ASR1;NA
YPR094W;RDS3;934
YPR095C;SYT1;1030
YPR097W;YPR097W;925
YPR098C;TMH18;932
YPR100W;MRPL51;942
YPR101W;SNT309;960
YPR102C;RPL11A;957
YPR103W;PRE2;973
YPR104C;FHL1;939
YPR105C;COG4;806
YPR106W;ISR1;969
YPR107C;YTH1;952
YPR108W;RPN7;944
YPR109W;GLD1;795
YPR110C;RPC40;965
YPR111W;DBF20;906
YPR112C;MRD1;922
YPR113W;PIS1;917
YPR114W;YPR114W;929
YPR115W;RGC1;926
YPR116W;RRG8;915
YPR118W;MRI1;944
YPR120C;CLB5;962
YPR122W;AXL1;897
YPR124W;CTR1;915
YPR125W;YLH47;937
YPR127W;YPR127W;891
YPR128C;ANT1;941
YPR129W;SCD6;971
YPR131C;NAT3;958
YPR132W;RPS23B;933
YPR133C;SPN1;1025
YPR133W-A;TOM5;961
YPR134W;MSS18;NA
YPR135W;CTF4;1005
YPR137W;RRP9;923
YPR138C;MEP3;907
YPR139C;LOA1;933
YPR140W;TAZ1;NA
YPR141C;KAR3;1010
YPR143W;RRP15;942
YPR144C;NOC4;937
YPR145C-A;YPR145C-A;NA
YPR145W;ASN1;906
YPR147C;YPR147C;955
YPR148C;YPR148C;973
YPR149W;NCE102;879
YPR151C;SUE1;NA
YPR152C;URN1;NA
YPR153W;MAY24;957
YPR154W;PIN3;921
YPR155C;NCA2;960
YPR156C;TPO3;872
YPR158W;CUR1;956
YPR159W;KRE6;878
YPR160W;GPH1;NA
YPR161C;SGV1;921
YPR162C;ORC4;968
YPR164W;MMS1;918
YPR165W;RHO1;952
YPR166C;MRP2;1034
YPR167C;MET16;956
YPR168W;NUT2;946
YPR169W;JIP5;842
YPR170W-B;YPR170W-B;NA
YPR171W;BSP1;961
YPR172W;YPR172W;933
YPR173C;VPS4;935
YPR174C;YPR174C;988
YPR175W;DPB2;914
YPR176C;BET2;941
YPR178W;PRP4;916
YPR179C;HDA3;989
YPR180W;AOS1;NA
YPR181C;SEC23;927
YPR182W;SMX3;931
YPR183W;DPM1;928
YPR184W;GDB1;579
YPR185W;ATG13;925
YPR186C;PZF1;940
YPR187W;RPO26;964
YPR188C;MLC2;NA
YPR189W;SKI3;NA
YPR190C;RPC82;1026
YPR191W;QCR2;917
YPR192W;AQY1;NA
YPR193C;HPA2;NA
YPR194C;OPT2;NA
YPR196W;YPR196W;NA
YPR198W;SGE1;931
YPR199C;ARR1;NA
